rental_id,rental_date,inventory_id,customer_id,return_date,staff_id,last_update,film_id
1,2005-05-24 22:53:30,367,130,2005-05-26 22:04:30,1,2006-02-15 21:30:53,80
2,2005-05-24 22:54:33,525,459,2005-05-28 19:40:33,1,2006-02-15 21:30:53,115
3,2005-05-24 23:03:39,711,408,2005-06-01 22:12:39,1,2006-02-15 21:30:53,155
4,2005-05-24 23:04:41,452,333,2005-06-03 01:43:41,2,2006-02-15 21:30:53,100
5,2005-05-24 23:05:21,79,222,2005-06-02 04:33:21,1,2006-02-15 21:30:53,16
6,2005-05-24 23:08:07,792,549,2005-05-27 01:32:07,1,2006-02-15 21:30:53,173
7,2005-05-24 23:11:53,995,269,2005-05-29 20:34:53,2,2006-02-15 21:30:53,222
8,2005-05-24 23:31:46,346,239,2005-05-27 23:33:46,2,2006-02-15 21:30:53,77
9,2005-05-25 00:00:40,580,126,2005-05-28 00:22:40,1,2006-02-15 21:30:53,127
10,2005-05-25 00:02:21,824,399,2005-05-31 22:44:21,2,2006-02-15 21:30:53,180
11,2005-05-25 00:09:02,443,142,2005-06-02 20:56:02,2,2006-02-15 21:30:53,98
12,2005-05-25 00:19:27,584,261,2005-05-30 05:44:27,2,2006-02-15 21:30:53,127
13,2005-05-25 00:22:55,294,334,2005-05-30 04:28:55,1,2006-02-15 21:30:53,67
14,2005-05-25 00:31:15,701,446,2005-05-26 02:56:15,1,2006-02-15 21:30:53,153
15,2005-05-25 00:39:22,49,319,2005-06-03 03:30:22,1,2006-02-15 21:30:53,10
16,2005-05-25 00:43:11,389,316,2005-05-26 04:42:11,2,2006-02-15 21:30:53,86
17,2005-05-25 01:06:36,830,575,2005-05-27 00:43:36,1,2006-02-15 21:30:53,181
18,2005-05-25 01:10:47,376,19,2005-05-31 06:35:47,2,2006-02-15 21:30:53,83
19,2005-05-25 01:17:24,941,456,2005-05-31 06:00:24,1,2006-02-15 21:30:53,209
20,2005-05-25 01:48:41,517,185,2005-05-27 02:20:41,2,2006-02-15 21:30:53,114
21,2005-05-25 01:59:46,146,388,2005-05-26 01:01:46,2,2006-02-15 21:30:53,31
22,2005-05-25 02:19:23,727,509,2005-05-26 04:52:23,2,2006-02-15 21:30:53,159
23,2005-05-25 02:40:21,441,438,2005-05-29 06:34:21,1,2006-02-15 21:30:53,97
24,2005-05-25 02:53:02,273,350,2005-05-27 01:15:02,1,2006-02-15 21:30:53,61
25,2005-05-25 03:21:20,961,37,2005-05-27 21:25:20,2,2006-02-15 21:30:53,214
26,2005-05-25 03:36:50,371,371,2005-05-31 00:34:50,1,2006-02-15 21:30:53,81
27,2005-05-25 03:41:50,225,301,2005-05-30 01:13:50,2,2006-02-15 21:30:53,50
28,2005-05-25 03:42:37,68,232,2005-05-26 09:26:37,2,2006-02-15 21:30:53,13
29,2005-05-25 03:47:12,611,44,2005-05-30 00:31:12,2,2006-02-15 21:30:53,132
30,2005-05-25 04:01:32,744,430,2005-05-30 03:12:32,1,2006-02-15 21:30:53,162
31,2005-05-25 04:05:17,482,369,2005-05-30 07:15:17,1,2006-02-15 21:30:53,106
32,2005-05-25 04:06:21,832,230,2005-05-25 23:55:21,1,2006-02-15 21:30:53,182
33,2005-05-25 04:18:51,681,272,2005-05-27 03:58:51,1,2006-02-15 21:30:53,149
34,2005-05-25 04:19:28,613,597,2005-05-29 00:10:28,2,2006-02-15 21:30:53,133
35,2005-05-25 04:24:36,286,484,2005-05-27 07:02:36,2,2006-02-15 21:30:53,64
36,2005-05-25 04:36:26,308,88,2005-05-29 00:31:26,1,2006-02-15 21:30:53,69
37,2005-05-25 04:44:31,403,535,2005-05-29 01:03:31,1,2006-02-15 21:30:53,89
38,2005-05-25 04:47:44,540,302,2005-06-01 00:58:44,1,2006-02-15 21:30:53,118
39,2005-05-25 04:51:46,466,207,2005-05-31 03:14:46,2,2006-02-15 21:30:53,103
40,2005-05-25 05:09:04,638,413,2005-05-27 23:12:04,1,2006-02-15 21:30:53,139
41,2005-05-25 05:12:29,761,174,2005-06-02 00:28:29,1,2006-02-15 21:30:53,166
42,2005-05-25 05:24:58,380,523,2005-05-31 02:47:58,2,2006-02-15 21:30:53,84
43,2005-05-25 05:39:25,578,532,2005-05-26 06:54:25,2,2006-02-15 21:30:53,126
44,2005-05-25 05:53:23,98,207,2005-05-29 10:56:23,2,2006-02-15 21:30:53,19
45,2005-05-25 05:59:39,853,436,2005-06-02 09:56:39,2,2006-02-15 21:30:53,187
46,2005-05-25 06:04:08,318,7,2005-06-02 08:18:08,2,2006-02-15 21:30:53,71
47,2005-05-25 06:05:20,211,35,2005-05-30 03:04:20,1,2006-02-15 21:30:53,47
48,2005-05-25 06:20:46,780,282,2005-06-02 05:42:46,1,2006-02-15 21:30:53,170
49,2005-05-25 06:39:35,965,498,2005-05-30 10:12:35,2,2006-02-15 21:30:53,215
50,2005-05-25 06:44:53,983,18,2005-05-28 11:28:53,2,2006-02-15 21:30:53,219
51,2005-05-25 06:49:10,257,256,2005-05-26 06:42:10,1,2006-02-15 21:30:53,57
52,2005-05-25 06:51:29,17,507,2005-05-31 01:27:29,2,2006-02-15 21:30:53,4
53,2005-05-25 07:19:16,255,569,2005-05-27 05:19:16,2,2006-02-15 21:30:53,57
54,2005-05-25 07:23:25,787,291,2005-06-01 05:05:25,2,2006-02-15 21:30:53,172
55,2005-05-25 08:26:13,139,131,2005-05-30 10:57:13,1,2006-02-15 21:30:53,28
56,2005-05-25 08:28:11,352,511,2005-05-26 14:21:11,1,2006-02-15 21:30:53,78
57,2005-05-25 08:43:32,938,6,2005-05-29 06:42:32,2,2006-02-15 21:30:53,208
58,2005-05-25 08:53:14,50,323,2005-05-28 14:40:14,1,2006-02-15 21:30:53,10
59,2005-05-25 08:56:42,884,408,2005-06-01 09:52:42,1,2006-02-15 21:30:53,194
60,2005-05-25 08:58:25,330,470,2005-05-30 14:14:25,1,2006-02-15 21:30:53,73
61,2005-05-25 09:01:57,210,250,2005-06-02 07:22:57,2,2006-02-15 21:30:53,47
62,2005-05-25 09:18:52,261,419,2005-05-30 10:55:52,1,2006-02-15 21:30:53,58
63,2005-05-25 09:19:16,8,383,2005-05-27 04:24:16,1,2006-02-15 21:30:53,1
64,2005-05-25 09:21:29,79,368,2005-06-03 11:31:29,1,2006-02-15 21:30:53,16
65,2005-05-25 09:32:03,552,346,2005-05-29 14:21:03,1,2006-02-15 21:30:53,120
66,2005-05-25 09:35:12,162,86,2005-05-29 04:16:12,2,2006-02-15 21:30:53,35
67,2005-05-25 09:41:01,239,119,2005-05-27 13:46:01,2,2006-02-15 21:30:53,54
68,2005-05-25 09:47:31,29,120,2005-05-31 10:20:31,2,2006-02-15 21:30:53,6
69,2005-05-25 10:10:14,207,305,2005-05-27 14:02:14,2,2006-02-15 21:30:53,46
70,2005-05-25 10:15:23,168,73,2005-05-27 05:56:23,2,2006-02-15 21:30:53,37
71,2005-05-25 10:26:39,408,100,2005-05-28 04:59:39,1,2006-02-15 21:30:53,90
72,2005-05-25 10:52:13,260,48,2005-05-28 05:52:13,2,2006-02-15 21:30:53,58
73,2005-05-25 11:00:07,517,391,2005-06-01 13:56:07,2,2006-02-15 21:30:53,114
74,2005-05-25 11:09:48,744,265,2005-05-26 12:23:48,2,2006-02-15 21:30:53,162
75,2005-05-25 11:13:34,393,510,2005-06-03 12:58:34,1,2006-02-15 21:30:53,86
76,2005-05-25 11:30:37,21,1,2005-06-03 12:00:37,2,2006-02-15 21:30:53,4
77,2005-05-25 11:31:59,303,451,2005-05-26 16:53:59,2,2006-02-15 21:30:53,68
78,2005-05-25 11:35:18,67,135,2005-05-31 12:48:18,2,2006-02-15 21:30:53,13
79,2005-05-25 12:11:07,299,245,2005-06-03 10:54:07,2,2006-02-15 21:30:53,67
80,2005-05-25 12:12:07,478,314,2005-05-31 17:46:07,2,2006-02-15 21:30:53,105
81,2005-05-25 12:15:19,610,286,2005-06-02 14:08:19,2,2006-02-15 21:30:53,132
82,2005-05-25 12:17:46,388,427,2005-06-01 10:48:46,1,2006-02-15 21:30:53,86
83,2005-05-25 12:30:15,466,131,2005-05-27 15:40:15,1,2006-02-15 21:30:53,103
84,2005-05-25 12:36:30,829,492,2005-05-29 18:33:30,1,2006-02-15 21:30:53,181
85,2005-05-25 13:05:34,470,414,2005-05-29 16:53:34,1,2006-02-15 21:30:53,103
86,2005-05-25 13:36:12,275,266,2005-05-30 14:53:12,1,2006-02-15 21:30:53,61
87,2005-05-25 13:52:43,586,331,2005-05-29 11:12:43,2,2006-02-15 21:30:53,127
88,2005-05-25 14:13:54,221,53,2005-05-29 09:32:54,2,2006-02-15 21:30:53,49
89,2005-05-25 14:28:29,181,499,2005-05-29 14:33:29,1,2006-02-15 21:30:53,40
90,2005-05-25 14:31:25,984,25,2005-06-01 10:07:25,1,2006-02-15 21:30:53,219
91,2005-05-25 14:57:22,139,267,2005-06-01 18:32:22,1,2006-02-15 21:30:53,28
92,2005-05-25 15:38:46,775,302,2005-05-31 13:40:46,2,2006-02-15 21:30:53,169
93,2005-05-25 15:54:16,360,288,2005-06-03 20:18:16,1,2006-02-15 21:30:53,79
94,2005-05-25 16:03:42,675,197,2005-05-30 14:23:42,1,2006-02-15 21:30:53,147
95,2005-05-25 16:12:52,178,400,2005-06-02 18:55:52,2,2006-02-15 21:30:53,39
96,2005-05-25 16:32:19,418,49,2005-05-30 10:47:19,2,2006-02-15 21:30:53,91
97,2005-05-25 16:34:24,283,263,2005-05-28 12:13:24,2,2006-02-15 21:30:53,63
98,2005-05-25 16:48:24,970,269,2005-05-27 11:29:24,2,2006-02-15 21:30:53,216
99,2005-05-25 16:50:20,535,44,2005-05-28 18:52:20,1,2006-02-15 21:30:53,117
100,2005-05-25 16:50:28,599,208,2005-06-02 22:11:28,1,2006-02-15 21:30:53,130
101,2005-05-25 17:17:04,617,468,2005-05-31 19:47:04,1,2006-02-15 21:30:53,134
102,2005-05-25 17:22:10,373,343,2005-05-31 19:47:10,1,2006-02-15 21:30:53,82
103,2005-05-25 17:30:42,343,384,2005-06-03 22:36:42,1,2006-02-15 21:30:53,76
104,2005-05-25 17:46:33,281,310,2005-05-27 15:20:33,1,2006-02-15 21:30:53,63
105,2005-05-25 17:54:12,794,108,2005-05-30 12:03:12,2,2006-02-15 21:30:53,173
106,2005-05-25 18:18:19,627,196,2005-06-04 00:01:19,2,2006-02-15 21:30:53,136
107,2005-05-25 18:28:09,833,317,2005-06-03 22:46:09,2,2006-02-15 21:30:53,182
108,2005-05-25 18:30:05,289,242,2005-05-30 19:40:05,1,2006-02-15 21:30:53,65
109,2005-05-25 18:40:20,44,503,2005-05-29 20:39:20,2,2006-02-15 21:30:53,9
110,2005-05-25 18:43:49,108,19,2005-06-03 18:13:49,2,2006-02-15 21:30:53,22
111,2005-05-25 18:45:19,725,227,2005-05-28 17:18:19,1,2006-02-15 21:30:53,159
112,2005-05-25 18:57:24,153,500,2005-06-02 20:44:24,1,2006-02-15 21:30:53,31
113,2005-05-25 19:07:40,963,93,2005-05-27 22:16:40,2,2006-02-15 21:30:53,215
114,2005-05-25 19:12:42,502,506,2005-06-01 23:10:42,1,2006-02-15 21:30:53,112
115,2005-05-25 19:13:25,749,455,2005-05-29 20:17:25,1,2006-02-15 21:30:53,164
116,2005-05-25 19:27:51,453,18,2005-05-26 16:23:51,1,2006-02-15 21:30:53,100
117,2005-05-25 19:30:46,278,7,2005-05-31 23:59:46,2,2006-02-15 21:30:53,62
118,2005-05-25 19:31:18,872,524,2005-05-31 15:00:18,1,2006-02-15 21:30:53,191
119,2005-05-25 19:37:02,359,51,2005-05-29 23:51:02,2,2006-02-15 21:30:53,79
120,2005-05-25 19:37:47,37,365,2005-06-01 23:29:47,2,2006-02-15 21:30:53,8
121,2005-05-25 19:41:29,53,405,2005-05-29 21:31:29,1,2006-02-15 21:30:53,11
122,2005-05-25 19:46:21,908,273,2005-06-02 19:07:21,1,2006-02-15 21:30:53,201
123,2005-05-25 20:26:42,795,43,2005-05-26 19:41:42,1,2006-02-15 21:30:53,174
124,2005-05-25 20:46:11,212,246,2005-05-30 00:47:11,2,2006-02-15 21:30:53,48
125,2005-05-25 20:48:50,952,368,2005-06-02 21:39:50,1,2006-02-15 21:30:53,212
126,2005-05-25 21:07:59,47,439,2005-05-28 18:51:59,1,2006-02-15 21:30:53,10
127,2005-05-25 21:10:40,26,94,2005-06-02 21:38:40,1,2006-02-15 21:30:53,6
128,2005-05-25 21:19:53,322,40,2005-05-29 23:34:53,1,2006-02-15 21:30:53,72
129,2005-05-25 21:20:03,154,23,2005-06-04 01:25:03,2,2006-02-15 21:30:53,32
130,2005-05-25 21:21:56,990,56,2005-05-30 22:41:56,2,2006-02-15 21:30:53,220
131,2005-05-25 21:42:46,815,325,2005-05-30 23:25:46,2,2006-02-15 21:30:53,177
132,2005-05-25 21:46:54,367,479,2005-05-31 21:02:54,1,2006-02-15 21:30:53,80
133,2005-05-25 21:48:30,399,237,2005-05-30 00:26:30,2,2006-02-15 21:30:53,89
134,2005-05-25 21:48:41,272,222,2005-06-02 18:28:41,1,2006-02-15 21:30:53,61
135,2005-05-25 21:58:58,103,304,2005-06-03 17:50:58,1,2006-02-15 21:30:53,21
136,2005-05-25 22:02:30,296,504,2005-05-31 18:06:30,1,2006-02-15 21:30:53,67
137,2005-05-25 22:25:18,591,560,2005-06-01 02:30:18,2,2006-02-15 21:30:53,129
138,2005-05-25 22:48:22,134,586,2005-05-29 20:21:22,2,2006-02-15 21:30:53,26
139,2005-05-25 23:00:21,327,257,2005-05-29 17:12:21,1,2006-02-15 21:30:53,73
140,2005-05-25 23:34:22,655,354,2005-05-27 01:10:22,1,2006-02-15 21:30:53,142
141,2005-05-25 23:34:53,811,89,2005-06-02 01:57:53,1,2006-02-15 21:30:53,176
142,2005-05-25 23:43:47,407,472,2005-05-29 00:46:47,2,2006-02-15 21:30:53,90
143,2005-05-25 23:45:52,847,297,2005-05-27 21:41:52,2,2006-02-15 21:30:53,186
144,2005-05-25 23:49:56,689,357,2005-06-01 21:41:56,2,2006-02-15 21:30:53,150
145,2005-05-25 23:59:03,905,82,2005-05-31 02:56:03,1,2006-02-15 21:30:53,201
146,2005-05-26 00:07:11,431,433,2005-06-04 00:20:11,2,2006-02-15 21:30:53,95
147,2005-05-26 00:17:50,633,274,2005-05-29 23:21:50,2,2006-02-15 21:30:53,138
148,2005-05-26 00:25:23,252,142,2005-06-01 19:29:23,2,2006-02-15 21:30:53,56
149,2005-05-26 00:28:05,84,319,2005-06-02 21:30:05,2,2006-02-15 21:30:53,17
150,2005-05-26 00:28:39,909,429,2005-06-01 02:10:39,2,2006-02-15 21:30:53,202
151,2005-05-26 00:37:28,942,14,2005-05-30 06:28:28,1,2006-02-15 21:30:53,209
152,2005-05-26 00:41:10,622,57,2005-06-03 06:05:10,1,2006-02-15 21:30:53,135
153,2005-05-26 00:47:47,888,348,2005-05-27 21:28:47,1,2006-02-15 21:30:53,197
154,2005-05-26 00:55:56,354,185,2005-05-29 23:18:56,2,2006-02-15 21:30:53,78
155,2005-05-26 01:15:05,288,551,2005-06-01 00:03:05,1,2006-02-15 21:30:53,65
156,2005-05-26 01:19:05,193,462,2005-05-27 23:43:05,1,2006-02-15 21:30:53,43
157,2005-05-26 01:25:21,887,344,2005-05-26 21:17:21,2,2006-02-15 21:30:53,197
158,2005-05-26 01:27:11,395,354,2005-06-03 00:30:11,2,2006-02-15 21:30:53,88
159,2005-05-26 01:34:28,453,505,2005-05-29 04:00:28,1,2006-02-15 21:30:53,100
160,2005-05-26 01:46:20,885,290,2005-06-01 05:45:20,1,2006-02-15 21:30:53,196
161,2005-05-26 01:51:48,941,182,2005-05-27 05:42:48,1,2006-02-15 21:30:53,209
162,2005-05-26 02:02:05,229,296,2005-05-27 03:38:05,2,2006-02-15 21:30:53,51
163,2005-05-26 02:26:23,306,104,2005-06-04 06:36:23,1,2006-02-15 21:30:53,69
164,2005-05-26 02:26:49,70,151,2005-05-28 00:32:49,1,2006-02-15 21:30:53,13
165,2005-05-26 02:28:36,735,33,2005-06-02 03:21:36,1,2006-02-15 21:30:53,160
166,2005-05-26 02:49:11,894,322,2005-05-31 01:28:11,1,2006-02-15 21:30:53,199
167,2005-05-26 02:50:31,865,401,2005-05-27 03:07:31,1,2006-02-15 21:30:53,190
168,2005-05-26 03:07:43,714,469,2005-06-02 02:09:43,2,2006-02-15 21:30:53,156
169,2005-05-26 03:09:30,758,381,2005-05-27 01:37:30,2,2006-02-15 21:30:53,166
170,2005-05-26 03:11:12,688,107,2005-06-02 03:53:12,1,2006-02-15 21:30:53,150
171,2005-05-26 03:14:15,483,400,2005-06-03 00:24:15,2,2006-02-15 21:30:53,107
172,2005-05-26 03:17:42,873,176,2005-05-29 04:11:42,2,2006-02-15 21:30:53,193
173,2005-05-26 03:42:10,596,533,2005-05-28 01:37:10,2,2006-02-15 21:30:53,130
174,2005-05-26 03:44:10,954,552,2005-05-28 07:13:10,2,2006-02-15 21:30:53,212
175,2005-05-26 03:46:26,346,47,2005-06-03 06:01:26,2,2006-02-15 21:30:53,77
176,2005-05-26 03:47:39,851,250,2005-06-01 02:36:39,2,2006-02-15 21:30:53,187
177,2005-05-26 04:14:29,545,548,2005-06-01 08:16:29,2,2006-02-15 21:30:53,119
178,2005-05-26 04:21:46,489,196,2005-06-04 07:09:46,2,2006-02-15 21:30:53,109
179,2005-05-26 04:26:06,575,19,2005-06-03 10:06:06,1,2006-02-15 21:30:53,125
180,2005-05-26 04:46:23,752,75,2005-06-01 09:58:23,1,2006-02-15 21:30:53,164
181,2005-05-26 04:47:06,417,587,2005-05-29 06:34:06,2,2006-02-15 21:30:53,91
182,2005-05-26 04:49:17,396,237,2005-06-01 05:43:17,2,2006-02-15 21:30:53,88
183,2005-05-26 05:01:18,877,254,2005-06-01 09:04:18,1,2006-02-15 21:30:53,193
184,2005-05-26 05:29:49,970,556,2005-05-28 10:10:49,1,2006-02-15 21:30:53,216
185,2005-05-26 05:30:03,598,125,2005-06-02 09:48:03,2,2006-02-15 21:30:53,130
186,2005-05-26 05:32:52,799,468,2005-06-03 07:19:52,2,2006-02-15 21:30:53,174
187,2005-05-26 05:42:37,4,515,2005-06-04 00:38:37,1,2006-02-15 21:30:53,1
188,2005-05-26 05:47:12,342,243,2005-05-26 23:48:12,1,2006-02-15 21:30:53,76
189,2005-05-26 06:01:41,984,247,2005-05-27 06:11:41,1,2006-02-15 21:30:53,219
190,2005-05-26 06:11:28,962,533,2005-06-01 09:44:28,1,2006-02-15 21:30:53,214
191,2005-05-26 06:14:06,365,412,2005-05-28 05:33:06,1,2006-02-15 21:30:53,80
192,2005-05-26 06:20:37,897,437,2005-06-02 10:57:37,1,2006-02-15 21:30:53,200
193,2005-05-26 06:41:48,900,270,2005-05-30 06:21:48,2,2006-02-15 21:30:53,200
194,2005-05-26 06:52:33,337,29,2005-05-30 04:08:33,2,2006-02-15 21:30:53,74
195,2005-05-26 06:52:36,506,564,2005-05-31 02:47:36,2,2006-02-15 21:30:53,112
196,2005-05-26 06:55:58,190,184,2005-05-27 10:54:58,1,2006-02-15 21:30:53,43
197,2005-05-26 06:59:21,212,546,2005-06-03 05:04:21,2,2006-02-15 21:30:53,48
198,2005-05-26 07:03:49,789,54,2005-06-04 11:45:49,1,2006-02-15 21:30:53,172
199,2005-05-26 07:11:58,135,71,2005-05-28 09:06:58,1,2006-02-15 21:30:53,27
200,2005-05-26 07:12:21,926,321,2005-05-31 12:07:21,1,2006-02-15 21:30:53,206
201,2005-05-26 07:13:45,776,444,2005-06-04 02:02:45,2,2006-02-15 21:30:53,169
202,2005-05-26 07:27:36,674,20,2005-06-02 03:52:36,1,2006-02-15 21:30:53,147
203,2005-05-26 07:27:57,374,109,2005-06-03 12:52:57,1,2006-02-15 21:30:53,83
204,2005-05-26 07:30:37,842,528,2005-05-30 08:11:37,1,2006-02-15 21:30:53,184
205,2005-05-26 07:59:37,303,114,2005-05-29 09:43:37,2,2006-02-15 21:30:53,68
206,2005-05-26 08:01:54,717,345,2005-05-27 06:26:54,1,2006-02-15 21:30:53,157
207,2005-05-26 08:04:38,102,47,2005-05-27 09:32:38,2,2006-02-15 21:30:53,21
208,2005-05-26 08:10:22,669,274,2005-05-27 03:55:22,1,2006-02-15 21:30:53,146
209,2005-05-26 08:14:01,729,379,2005-05-27 09:00:01,1,2006-02-15 21:30:53,159
210,2005-05-26 08:14:15,801,391,2005-05-27 12:12:15,2,2006-02-15 21:30:53,174
211,2005-05-26 08:33:10,5,170,2005-05-28 14:09:10,1,2006-02-15 21:30:53,1
212,2005-05-26 08:34:41,764,59,2005-05-30 12:46:41,2,2006-02-15 21:30:53,167
213,2005-05-26 08:44:08,505,394,2005-05-31 12:33:08,2,2006-02-15 21:30:53,112
214,2005-05-26 08:48:49,453,98,2005-05-31 04:06:49,2,2006-02-15 21:30:53,100
215,2005-05-26 09:02:47,679,197,2005-05-28 09:45:47,2,2006-02-15 21:30:53,149
216,2005-05-26 09:17:43,398,91,2005-06-03 08:21:43,1,2006-02-15 21:30:53,88
217,2005-05-26 09:24:26,395,121,2005-05-31 03:24:26,2,2006-02-15 21:30:53,88
218,2005-05-26 09:27:09,291,309,2005-06-04 11:53:09,2,2006-02-15 21:30:53,66
219,2005-05-26 09:41:45,74,489,2005-05-28 04:40:45,1,2006-02-15 21:30:53,15
220,2005-05-26 10:06:49,259,542,2005-06-01 07:43:49,1,2006-02-15 21:30:53,57
221,2005-05-26 10:14:09,578,143,2005-05-29 05:57:09,1,2006-02-15 21:30:53,126
222,2005-05-26 10:14:38,745,83,2005-05-31 08:36:38,2,2006-02-15 21:30:53,163
223,2005-05-26 10:15:23,121,460,2005-05-30 11:43:23,1,2006-02-15 21:30:53,24
224,2005-05-26 10:18:27,285,318,2005-06-04 06:59:27,1,2006-02-15 21:30:53,64
225,2005-05-26 10:27:50,651,467,2005-06-01 07:01:50,2,2006-02-15 21:30:53,141
226,2005-05-26 10:44:04,181,221,2005-05-31 13:26:04,2,2006-02-15 21:30:53,40
227,2005-05-26 10:51:46,214,301,2005-05-30 07:24:46,1,2006-02-15 21:30:53,48
228,2005-05-26 10:54:28,511,571,2005-06-04 09:39:28,1,2006-02-15 21:30:53,113
229,2005-05-26 11:19:20,131,312,2005-05-31 11:56:20,2,2006-02-15 21:30:53,26
230,2005-05-26 11:31:50,85,58,2005-05-30 15:22:50,1,2006-02-15 21:30:53,17
231,2005-05-26 11:31:59,32,365,2005-05-27 07:27:59,1,2006-02-15 21:30:53,7
232,2005-05-26 11:38:05,945,256,2005-05-27 08:42:05,2,2006-02-15 21:30:53,210
233,2005-05-26 11:43:44,715,531,2005-05-28 17:28:44,2,2006-02-15 21:30:53,156
234,2005-05-26 11:47:20,321,566,2005-06-03 10:39:20,2,2006-02-15 21:30:53,72
235,2005-05-26 11:51:09,537,119,2005-06-04 09:36:09,1,2006-02-15 21:30:53,117
236,2005-05-26 11:53:49,265,446,2005-05-28 13:55:49,1,2006-02-15 21:30:53,59
237,2005-05-26 12:15:13,241,536,2005-05-29 18:10:13,1,2006-02-15 21:30:53,54
238,2005-05-26 12:30:22,503,211,2005-05-27 06:49:22,1,2006-02-15 21:30:53,112
239,2005-05-26 12:30:26,131,49,2005-06-01 13:26:26,2,2006-02-15 21:30:53,26
240,2005-05-26 12:40:23,420,103,2005-06-04 07:22:23,1,2006-02-15 21:30:53,92
241,2005-05-26 12:49:01,438,245,2005-05-28 11:43:01,2,2006-02-15 21:30:53,97
242,2005-05-26 13:05:08,95,214,2005-06-02 15:26:08,1,2006-02-15 21:30:53,19
243,2005-05-26 13:06:05,721,543,2005-06-03 17:28:05,2,2006-02-15 21:30:53,158
244,2005-05-26 13:40:40,41,257,2005-05-31 11:58:40,1,2006-02-15 21:30:53,9
245,2005-05-26 13:46:59,45,158,2005-05-27 09:58:59,2,2006-02-15 21:30:53,9
246,2005-05-26 13:57:07,829,240,2005-05-29 10:12:07,2,2006-02-15 21:30:53,181
247,2005-05-26 14:01:05,95,102,2005-05-28 13:38:05,2,2006-02-15 21:30:53,19
248,2005-05-26 14:07:58,913,545,2005-05-31 14:03:58,2,2006-02-15 21:30:53,203
249,2005-05-26 14:19:09,428,472,2005-05-28 17:47:09,2,2006-02-15 21:30:53,95
250,2005-05-26 14:30:24,368,539,2005-05-27 08:50:24,1,2006-02-15 21:30:53,81
251,2005-05-26 14:35:40,352,204,2005-05-29 17:17:40,1,2006-02-15 21:30:53,78
252,2005-05-26 14:39:53,203,187,2005-06-02 14:48:53,1,2006-02-15 21:30:53,45
253,2005-05-26 14:43:14,969,416,2005-05-27 12:21:14,1,2006-02-15 21:30:53,216
254,2005-05-26 14:43:48,835,390,2005-05-31 09:19:48,2,2006-02-15 21:30:53,183
255,2005-05-26 14:52:15,264,114,2005-05-27 12:45:15,1,2006-02-15 21:30:53,59
256,2005-05-26 15:20:58,194,436,2005-05-31 15:58:58,1,2006-02-15 21:30:53,43
257,2005-05-26 15:27:05,570,373,2005-05-29 16:25:05,2,2006-02-15 21:30:53,123
258,2005-05-26 15:28:14,534,502,2005-05-30 18:38:14,2,2006-02-15 21:30:53,117
259,2005-05-26 15:32:46,30,482,2005-06-04 15:27:46,2,2006-02-15 21:30:53,6
260,2005-05-26 15:42:20,435,21,2005-05-31 13:21:20,2,2006-02-15 21:30:53,96
261,2005-05-26 15:44:23,369,414,2005-06-02 09:47:23,2,2006-02-15 21:30:53,81
262,2005-05-26 15:46:56,261,236,2005-05-28 15:49:56,2,2006-02-15 21:30:53,58
263,2005-05-26 15:47:40,160,449,2005-05-30 10:07:40,2,2006-02-15 21:30:53,35
264,2005-05-26 16:00:49,69,251,2005-05-27 10:12:49,2,2006-02-15 21:30:53,13
265,2005-05-26 16:07:38,276,303,2005-06-01 14:20:38,1,2006-02-15 21:30:53,61
266,2005-05-26 16:08:05,303,263,2005-05-27 10:55:05,2,2006-02-15 21:30:53,68
267,2005-05-26 16:16:21,206,417,2005-05-30 16:53:21,2,2006-02-15 21:30:53,45
268,2005-05-26 16:19:08,714,75,2005-05-27 14:35:08,1,2006-02-15 21:30:53,156
269,2005-05-26 16:19:46,501,322,2005-05-27 15:59:46,2,2006-02-15 21:30:53,112
270,2005-05-26 16:20:56,207,200,2005-06-03 12:40:56,2,2006-02-15 21:30:53,46
271,2005-05-26 16:22:01,388,92,2005-06-03 17:30:01,2,2006-02-15 21:30:53,86
272,2005-05-26 16:27:11,971,71,2005-06-03 13:10:11,2,2006-02-15 21:30:53,216
273,2005-05-26 16:29:36,590,193,2005-05-29 18:49:36,2,2006-02-15 21:30:53,129
274,2005-05-26 16:48:51,656,311,2005-06-03 18:17:51,1,2006-02-15 21:30:53,142
275,2005-05-26 17:09:53,718,133,2005-06-04 22:35:53,1,2006-02-15 21:30:53,157
276,2005-05-26 17:16:07,221,58,2005-06-03 12:59:07,1,2006-02-15 21:30:53,49
277,2005-05-26 17:32:11,409,45,2005-05-28 22:54:11,1,2006-02-15 21:30:53,90
278,2005-05-26 17:40:58,182,214,2005-06-02 16:43:58,2,2006-02-15 21:30:53,40
279,2005-05-26 18:02:50,661,384,2005-06-03 18:48:50,2,2006-02-15 21:30:53,143
280,2005-05-26 18:36:58,896,167,2005-05-27 23:42:58,1,2006-02-15 21:30:53,199
281,2005-05-26 18:49:35,208,582,2005-05-27 18:11:35,2,2006-02-15 21:30:53,46
282,2005-05-26 18:56:26,486,282,2005-06-01 16:32:26,2,2006-02-15 21:30:53,109
283,2005-05-26 19:05:05,530,242,2005-05-31 19:19:05,1,2006-02-15 21:30:53,116
284,2005-05-26 19:21:44,350,359,2005-06-04 14:18:44,2,2006-02-15 21:30:53,77
285,2005-05-26 19:41:40,486,162,2005-05-31 16:58:40,2,2006-02-15 21:30:53,109
286,2005-05-26 19:44:51,314,371,2005-06-04 18:00:51,2,2006-02-15 21:30:53,70
287,2005-05-26 19:44:54,631,17,2005-06-02 01:10:54,1,2006-02-15 21:30:53,137
288,2005-05-26 19:47:49,546,82,2005-06-03 20:53:49,2,2006-02-15 21:30:53,119
289,2005-05-26 20:01:09,449,81,2005-05-28 15:09:09,1,2006-02-15 21:30:53,99
290,2005-05-26 20:08:33,776,429,2005-05-30 00:32:33,1,2006-02-15 21:30:53,169
291,2005-05-26 20:20:47,485,577,2005-06-03 02:06:47,2,2006-02-15 21:30:53,109
292,2005-05-26 20:22:12,264,515,2005-06-05 00:58:12,1,2006-02-15 21:30:53,59
293,2005-05-26 20:27:02,828,158,2005-06-03 16:45:02,2,2006-02-15 21:30:53,181
294,2005-05-26 20:29:57,751,369,2005-05-28 17:20:57,1,2006-02-15 21:30:53,164
295,2005-05-26 20:33:20,30,65,2005-05-27 18:23:20,2,2006-02-15 21:30:53,6
296,2005-05-26 20:35:19,878,468,2005-06-04 02:31:19,2,2006-02-15 21:30:53,193
297,2005-05-26 20:48:48,594,48,2005-05-27 19:52:48,2,2006-02-15 21:30:53,130
298,2005-05-26 20:52:26,83,460,2005-05-29 22:08:26,2,2006-02-15 21:30:53,17
299,2005-05-26 20:55:36,376,448,2005-05-28 00:25:36,2,2006-02-15 21:30:53,83
300,2005-05-26 20:57:00,249,47,2005-06-05 01:34:00,2,2006-02-15 21:30:53,56
301,2005-05-26 21:06:14,448,274,2005-06-01 01:54:14,2,2006-02-15 21:30:53,99
302,2005-05-26 21:13:46,921,387,2005-06-03 15:49:46,2,2006-02-15 21:30:53,204
303,2005-05-26 21:16:52,111,596,2005-05-27 23:41:52,2,2006-02-15 21:30:53,22
304,2005-05-26 21:21:28,701,534,2005-06-02 00:05:28,1,2006-02-15 21:30:53,153
305,2005-05-26 21:22:07,665,464,2005-06-02 22:33:07,2,2006-02-15 21:30:53,143
306,2005-05-26 21:31:57,781,547,2005-05-28 19:37:57,1,2006-02-15 21:30:53,170
307,2005-05-26 21:48:13,97,375,2005-06-04 22:24:13,1,2006-02-15 21:30:53,19
308,2005-05-26 22:01:39,187,277,2005-06-04 20:24:39,2,2006-02-15 21:30:53,42
309,2005-05-26 22:38:10,946,251,2005-06-02 03:10:10,2,2006-02-15 21:30:53,210
310,2005-05-26 22:41:07,593,409,2005-06-02 04:09:07,1,2006-02-15 21:30:53,129
311,2005-05-26 22:51:37,830,201,2005-06-01 00:02:37,1,2006-02-15 21:30:53,181
312,2005-05-26 22:52:19,8,143,2005-06-02 18:14:19,2,2006-02-15 21:30:53,1
313,2005-05-26 22:56:19,156,594,2005-05-29 01:29:19,2,2006-02-15 21:30:53,34
314,2005-05-26 23:09:41,851,203,2005-05-28 22:49:41,2,2006-02-15 21:30:53,187
315,2005-05-26 23:12:55,847,238,2005-05-29 23:33:55,1,2006-02-15 21:30:53,186
316,2005-05-26 23:22:55,828,249,2005-05-29 23:25:55,2,2006-02-15 21:30:53,181
317,2005-05-26 23:23:56,26,391,2005-06-01 19:56:56,2,2006-02-15 21:30:53,6
318,2005-05-26 23:37:39,559,60,2005-06-03 04:31:39,2,2006-02-15 21:30:53,121
319,2005-05-26 23:52:13,24,77,2005-05-30 18:55:13,1,2006-02-15 21:30:53,5
320,2005-05-27 00:09:24,90,2,2005-05-28 04:30:24,2,2006-02-15 21:30:53,18
322,2005-05-27 00:47:35,556,496,2005-06-02 00:32:35,1,2006-02-15 21:30:53,121
323,2005-05-27 00:49:27,362,144,2005-05-30 03:12:27,1,2006-02-15 21:30:53,79
324,2005-05-27 01:00:04,364,292,2005-05-30 04:27:04,1,2006-02-15 21:30:53,80
325,2005-05-27 01:09:55,510,449,2005-05-31 07:01:55,2,2006-02-15 21:30:53,113
326,2005-05-27 01:10:11,979,432,2005-06-04 20:25:11,2,2006-02-15 21:30:53,218
327,2005-05-27 01:18:57,678,105,2005-06-04 04:06:57,1,2006-02-15 21:30:53,149
328,2005-05-27 01:29:31,524,451,2005-06-01 02:27:31,1,2006-02-15 21:30:53,115
329,2005-05-27 01:57:14,659,231,2005-05-31 04:19:14,2,2006-02-15 21:30:53,143
330,2005-05-27 02:15:30,536,248,2005-06-04 05:09:30,2,2006-02-15 21:30:53,117
331,2005-05-27 02:22:26,872,67,2005-06-05 00:25:26,1,2006-02-15 21:30:53,191
332,2005-05-27 02:27:10,529,299,2005-06-03 01:26:10,2,2006-02-15 21:30:53,116
333,2005-05-27 02:52:21,1,412,2005-06-01 00:55:21,2,2006-02-15 21:30:53,1
334,2005-05-27 03:03:07,973,194,2005-05-29 03:54:07,1,2006-02-15 21:30:53,216
335,2005-05-27 03:07:10,411,16,2005-06-05 00:15:10,2,2006-02-15 21:30:53,91
336,2005-05-27 03:15:23,811,275,2005-05-29 22:43:23,1,2006-02-15 21:30:53,176
337,2005-05-27 03:22:30,751,19,2005-06-02 03:27:30,1,2006-02-15 21:30:53,164
338,2005-05-27 03:42:52,596,165,2005-06-01 05:23:52,2,2006-02-15 21:30:53,130
339,2005-05-27 03:47:18,410,516,2005-06-04 05:46:18,2,2006-02-15 21:30:53,90
340,2005-05-27 03:55:25,946,209,2005-06-04 07:57:25,2,2006-02-15 21:30:53,210
341,2005-05-27 04:01:42,168,56,2005-06-05 08:51:42,1,2006-02-15 21:30:53,37
342,2005-05-27 04:11:04,19,539,2005-05-29 01:28:04,2,2006-02-15 21:30:53,4
343,2005-05-27 04:13:41,301,455,2005-05-28 08:34:41,1,2006-02-15 21:30:53,68
344,2005-05-27 04:30:22,327,236,2005-05-29 10:13:22,2,2006-02-15 21:30:53,73
345,2005-05-27 04:32:25,396,144,2005-05-31 09:50:25,1,2006-02-15 21:30:53,88
346,2005-05-27 04:34:41,319,14,2005-06-05 04:24:41,2,2006-02-15 21:30:53,71
347,2005-05-27 04:40:33,625,378,2005-05-28 09:56:33,2,2006-02-15 21:30:53,135
348,2005-05-27 04:50:56,825,473,2005-06-01 04:43:56,1,2006-02-15 21:30:53,181
349,2005-05-27 04:53:11,920,36,2005-05-28 06:33:11,2,2006-02-15 21:30:53,204
350,2005-05-27 05:01:28,756,9,2005-06-04 05:01:28,2,2006-02-15 21:30:53,165
351,2005-05-27 05:39:03,371,118,2005-06-01 11:10:03,1,2006-02-15 21:30:53,81
352,2005-05-27 05:48:19,369,157,2005-05-29 09:05:19,1,2006-02-15 21:30:53,81
353,2005-05-27 06:03:39,989,503,2005-06-03 04:39:39,2,2006-02-15 21:30:53,220
354,2005-05-27 06:12:26,58,452,2005-06-01 06:48:26,1,2006-02-15 21:30:53,11
355,2005-05-27 06:15:33,141,446,2005-06-01 02:50:33,2,2006-02-15 21:30:53,28
356,2005-05-27 06:32:30,868,382,2005-05-30 06:24:30,2,2006-02-15 21:30:53,191
357,2005-05-27 06:37:15,417,198,2005-05-30 07:04:15,2,2006-02-15 21:30:53,91
358,2005-05-27 06:43:59,925,102,2005-05-29 11:28:59,2,2006-02-15 21:30:53,205
359,2005-05-27 06:48:33,156,152,2005-05-29 03:55:33,1,2006-02-15 21:30:53,34
360,2005-05-27 06:51:14,489,594,2005-06-03 01:58:14,1,2006-02-15 21:30:53,109
361,2005-05-27 07:03:28,6,587,2005-05-31 08:01:28,1,2006-02-15 21:30:53,1
362,2005-05-27 07:10:25,324,147,2005-06-01 08:34:25,1,2006-02-15 21:30:53,72
363,2005-05-27 07:14:00,282,345,2005-05-28 12:22:00,2,2006-02-15 21:30:53,63
364,2005-05-27 07:20:12,833,430,2005-05-31 10:44:12,2,2006-02-15 21:30:53,182
365,2005-05-27 07:31:20,887,167,2005-06-04 04:46:20,1,2006-02-15 21:30:53,197
366,2005-05-27 07:33:54,360,134,2005-06-04 01:55:54,2,2006-02-15 21:30:53,79
367,2005-05-27 07:37:02,437,439,2005-05-30 05:43:02,2,2006-02-15 21:30:53,97
368,2005-05-27 07:42:29,247,361,2005-06-04 11:20:29,2,2006-02-15 21:30:53,55
369,2005-05-27 07:46:49,944,508,2005-06-01 06:20:49,2,2006-02-15 21:30:53,209
370,2005-05-27 07:49:43,347,22,2005-06-05 06:39:43,2,2006-02-15 21:30:53,77
371,2005-05-27 08:08:18,235,295,2005-06-05 03:05:18,2,2006-02-15 21:30:53,53
372,2005-05-27 08:13:58,89,510,2005-06-04 03:50:58,2,2006-02-15 21:30:53,18
373,2005-05-27 08:16:25,649,464,2005-06-01 11:41:25,1,2006-02-15 21:30:53,141
374,2005-05-27 08:26:30,420,337,2005-06-05 07:13:30,1,2006-02-15 21:30:53,92
375,2005-05-27 08:49:21,815,306,2005-06-04 14:11:21,1,2006-02-15 21:30:53,177
376,2005-05-27 08:58:15,197,542,2005-06-02 04:48:15,1,2006-02-15 21:30:53,44
377,2005-05-27 09:04:05,12,170,2005-06-02 03:36:05,2,2006-02-15 21:30:53,3
378,2005-05-27 09:23:22,242,53,2005-05-29 15:20:22,1,2006-02-15 21:30:53,55
379,2005-05-27 09:25:32,462,584,2005-06-02 06:19:32,1,2006-02-15 21:30:53,101
380,2005-05-27 09:34:39,777,176,2005-06-04 11:45:39,1,2006-02-15 21:30:53,170
381,2005-05-27 09:43:25,748,371,2005-05-31 12:00:25,1,2006-02-15 21:30:53,164
382,2005-05-27 10:12:00,358,183,2005-05-31 15:03:00,1,2006-02-15 21:30:53,79
383,2005-05-27 10:12:20,955,298,2005-06-03 10:37:20,1,2006-02-15 21:30:53,213
384,2005-05-27 10:18:20,910,371,2005-06-02 09:21:20,2,2006-02-15 21:30:53,202
385,2005-05-27 10:23:25,565,213,2005-05-30 15:27:25,2,2006-02-15 21:30:53,122
386,2005-05-27 10:26:31,288,109,2005-05-30 08:32:31,1,2006-02-15 21:30:53,65
387,2005-05-27 10:35:27,684,506,2005-06-01 13:37:27,2,2006-02-15 21:30:53,150
388,2005-05-27 10:37:27,434,28,2005-05-30 05:45:27,1,2006-02-15 21:30:53,96
389,2005-05-27 10:45:41,691,500,2005-06-05 06:22:41,2,2006-02-15 21:30:53,151
390,2005-05-27 11:02:26,759,48,2005-06-02 16:09:26,2,2006-02-15 21:30:53,166
391,2005-05-27 11:03:55,193,197,2005-06-01 11:59:55,2,2006-02-15 21:30:53,43
392,2005-05-27 11:14:42,263,359,2005-06-01 14:28:42,2,2006-02-15 21:30:53,58
393,2005-05-27 11:18:25,145,251,2005-05-28 07:10:25,2,2006-02-15 21:30:53,30
394,2005-05-27 11:26:11,890,274,2005-06-03 16:44:11,2,2006-02-15 21:30:53,199
395,2005-05-27 11:45:49,752,575,2005-05-31 13:42:49,1,2006-02-15 21:30:53,164
396,2005-05-27 11:47:04,20,112,2005-05-29 10:14:04,1,2006-02-15 21:30:53,4
397,2005-05-27 12:29:02,193,544,2005-05-28 17:36:02,2,2006-02-15 21:30:53,43
398,2005-05-27 12:44:03,686,422,2005-06-02 08:19:03,1,2006-02-15 21:30:53,150
399,2005-05-27 12:48:38,553,204,2005-05-29 15:27:38,1,2006-02-15 21:30:53,120
400,2005-05-27 12:51:44,258,249,2005-05-31 08:34:44,2,2006-02-15 21:30:53,57
401,2005-05-27 12:57:55,179,46,2005-05-29 17:55:55,2,2006-02-15 21:30:53,39
402,2005-05-27 13:17:18,461,354,2005-05-30 08:53:18,2,2006-02-15 21:30:53,101
403,2005-05-27 13:28:52,983,424,2005-05-29 11:47:52,2,2006-02-15 21:30:53,219
404,2005-05-27 13:31:51,293,168,2005-05-30 16:58:51,1,2006-02-15 21:30:53,66
405,2005-05-27 13:32:39,90,272,2005-06-05 18:53:39,2,2006-02-15 21:30:53,18
406,2005-05-27 13:46:46,136,381,2005-05-30 12:43:46,1,2006-02-15 21:30:53,27
407,2005-05-27 13:57:38,77,44,2005-05-31 18:23:38,1,2006-02-15 21:30:53,16
408,2005-05-27 13:57:39,438,84,2005-05-28 11:57:39,1,2006-02-15 21:30:53,97
409,2005-05-27 14:10:58,652,220,2005-06-02 10:40:58,2,2006-02-15 21:30:53,141
410,2005-05-27 14:11:22,10,506,2005-06-02 20:06:22,2,2006-02-15 21:30:53,2
411,2005-05-27 14:14:14,434,388,2005-06-03 17:39:14,1,2006-02-15 21:30:53,96
412,2005-05-27 14:17:23,400,375,2005-05-29 15:07:23,2,2006-02-15 21:30:53,89
413,2005-05-27 14:45:37,516,307,2005-06-03 11:11:37,1,2006-02-15 21:30:53,114
414,2005-05-27 14:48:20,19,219,2005-05-31 14:39:20,2,2006-02-15 21:30:53,4
415,2005-05-27 14:51:45,698,304,2005-05-28 19:07:45,2,2006-02-15 21:30:53,153
416,2005-05-27 15:02:10,371,222,2005-05-29 10:34:10,2,2006-02-15 21:30:53,81
417,2005-05-27 15:07:27,253,475,2005-05-29 20:01:27,2,2006-02-15 21:30:53,57
418,2005-05-27 15:13:17,63,151,2005-06-04 12:05:17,2,2006-02-15 21:30:53,12
419,2005-05-27 15:15:11,514,77,2005-06-02 11:53:11,1,2006-02-15 21:30:53,114
420,2005-05-27 15:19:38,619,93,2005-06-03 15:07:38,2,2006-02-15 21:30:53,135
421,2005-05-27 15:30:13,985,246,2005-06-04 13:19:13,2,2006-02-15 21:30:53,220
422,2005-05-27 15:31:55,152,150,2005-06-01 11:47:55,2,2006-02-15 21:30:53,31
423,2005-05-27 15:32:57,783,284,2005-06-02 19:03:57,1,2006-02-15 21:30:53,172
424,2005-05-27 15:34:01,815,35,2005-06-05 09:44:01,1,2006-02-15 21:30:53,177
425,2005-05-27 15:51:30,518,182,2005-06-03 16:52:30,2,2006-02-15 21:30:53,114
426,2005-05-27 15:56:57,103,522,2005-06-05 11:45:57,1,2006-02-15 21:30:53,21
427,2005-05-27 16:10:04,677,288,2005-06-05 13:22:04,2,2006-02-15 21:30:53,147
428,2005-05-27 16:10:58,349,161,2005-05-31 17:24:58,2,2006-02-15 21:30:53,77
429,2005-05-27 16:21:26,129,498,2005-06-05 20:23:26,2,2006-02-15 21:30:53,25
430,2005-05-27 16:22:10,920,190,2005-06-05 13:10:10,1,2006-02-15 21:30:53,204
431,2005-05-27 16:31:05,507,334,2005-06-05 11:29:05,1,2006-02-15 21:30:53,112
432,2005-05-27 16:40:29,119,46,2005-05-29 16:20:29,1,2006-02-15 21:30:53,23
433,2005-05-27 16:40:40,364,574,2005-05-30 19:55:40,2,2006-02-15 21:30:53,80
434,2005-05-27 16:54:27,360,246,2005-06-04 22:26:27,1,2006-02-15 21:30:53,79
435,2005-05-27 17:17:09,328,3,2005-06-02 11:20:09,2,2006-02-15 21:30:53,73
436,2005-05-27 17:21:04,317,267,2005-05-30 21:26:04,2,2006-02-15 21:30:53,71
437,2005-05-27 17:47:22,800,525,2005-06-05 14:22:22,2,2006-02-15 21:30:53,174
438,2005-05-27 17:52:34,260,249,2005-06-05 22:23:34,2,2006-02-15 21:30:53,58
439,2005-05-27 17:54:48,354,319,2005-06-02 23:01:48,2,2006-02-15 21:30:53,78
440,2005-05-27 18:00:35,452,314,2005-05-29 16:15:35,1,2006-02-15 21:30:53,100
441,2005-05-27 18:11:05,578,54,2005-05-30 22:45:05,1,2006-02-15 21:30:53,126
442,2005-05-27 18:12:13,457,403,2005-05-30 12:30:13,2,2006-02-15 21:30:53,101
443,2005-05-27 18:35:20,21,547,2005-06-04 18:58:20,1,2006-02-15 21:30:53,4
444,2005-05-27 18:39:15,723,239,2005-06-01 15:56:15,1,2006-02-15 21:30:53,158
445,2005-05-27 18:42:57,757,293,2005-05-30 22:35:57,2,2006-02-15 21:30:53,165
446,2005-05-27 18:48:41,955,401,2005-06-03 16:42:41,2,2006-02-15 21:30:53,213
447,2005-05-27 18:57:02,890,133,2005-06-05 18:38:02,1,2006-02-15 21:30:53,199
448,2005-05-27 19:03:08,671,247,2005-06-03 20:28:08,2,2006-02-15 21:30:53,146
449,2005-05-27 19:13:15,469,172,2005-06-04 01:08:15,2,2006-02-15 21:30:53,103
450,2005-05-27 19:18:54,343,247,2005-06-05 23:52:54,1,2006-02-15 21:30:53,76
451,2005-05-27 19:27:54,205,87,2005-05-29 01:07:54,2,2006-02-15 21:30:53,45
452,2005-05-27 19:30:33,993,127,2005-05-30 20:53:33,2,2006-02-15 21:30:53,222
453,2005-05-27 19:31:16,425,529,2005-05-29 23:06:16,1,2006-02-15 21:30:53,93
454,2005-05-27 19:31:36,499,575,2005-05-30 15:46:36,1,2006-02-15 21:30:53,111
455,2005-05-27 19:43:29,344,343,2005-06-04 23:40:29,2,2006-02-15 21:30:53,76
456,2005-05-27 19:50:06,699,92,2005-06-02 22:14:06,1,2006-02-15 21:30:53,153
457,2005-05-27 19:52:29,368,300,2005-06-02 17:17:29,2,2006-02-15 21:30:53,81
458,2005-05-27 19:58:36,350,565,2005-06-06 00:51:36,1,2006-02-15 21:30:53,77
459,2005-05-27 20:00:04,597,468,2005-05-29 22:47:04,1,2006-02-15 21:30:53,130
460,2005-05-27 20:02:03,238,240,2005-05-28 16:14:03,1,2006-02-15 21:30:53,54
461,2005-05-27 20:08:55,77,447,2005-06-01 14:32:55,1,2006-02-15 21:30:53,16
462,2005-05-27 20:10:36,314,364,2005-06-03 21:12:36,2,2006-02-15 21:30:53,70
463,2005-05-27 20:11:47,826,21,2005-06-04 21:18:47,1,2006-02-15 21:30:53,181
464,2005-05-27 20:42:44,313,193,2005-05-30 00:49:44,2,2006-02-15 21:30:53,70
465,2005-05-27 20:44:36,20,261,2005-06-02 02:43:36,1,2006-02-15 21:30:53,4
466,2005-05-27 20:57:07,786,442,2005-05-29 15:52:07,1,2006-02-15 21:30:53,172
467,2005-05-27 21:10:03,339,557,2005-06-01 16:08:03,1,2006-02-15 21:30:53,75
468,2005-05-27 21:13:10,656,101,2005-06-04 15:26:10,2,2006-02-15 21:30:53,142
469,2005-05-27 21:14:26,463,154,2005-06-05 21:51:26,1,2006-02-15 21:30:53,102
470,2005-05-27 21:17:08,613,504,2005-06-04 17:47:08,1,2006-02-15 21:30:53,133
471,2005-05-27 21:32:42,872,209,2005-05-31 00:39:42,2,2006-02-15 21:30:53,191
472,2005-05-27 21:36:15,338,528,2005-05-29 21:07:15,1,2006-02-15 21:30:53,74
473,2005-05-27 21:36:34,802,105,2005-06-05 17:02:34,1,2006-02-15 21:30:53,174
474,2005-05-27 22:11:56,474,274,2005-05-31 19:07:56,1,2006-02-15 21:30:53,104
475,2005-05-27 22:16:26,520,159,2005-05-28 19:58:26,1,2006-02-15 21:30:53,115
476,2005-05-27 22:31:36,451,543,2005-06-03 19:12:36,1,2006-02-15 21:30:53,100
477,2005-05-27 22:33:33,437,161,2005-06-02 18:35:33,2,2006-02-15 21:30:53,97
478,2005-05-27 22:38:20,424,557,2005-05-31 18:39:20,2,2006-02-15 21:30:53,93
479,2005-05-27 22:39:10,60,231,2005-06-05 22:46:10,2,2006-02-15 21:30:53,12
480,2005-05-27 22:47:39,108,220,2005-06-04 21:17:39,2,2006-02-15 21:30:53,22
481,2005-05-27 22:49:27,72,445,2005-05-30 17:46:27,2,2006-02-15 21:30:53,15
482,2005-05-27 22:53:02,178,546,2005-06-01 22:53:02,2,2006-02-15 21:30:53,39
483,2005-05-27 23:00:25,510,32,2005-05-28 21:30:25,1,2006-02-15 21:30:53,113
484,2005-05-27 23:26:45,115,491,2005-05-29 21:16:45,2,2006-02-15 21:30:53,23
485,2005-05-27 23:40:52,392,105,2005-05-28 22:40:52,2,2006-02-15 21:30:53,86
486,2005-05-27 23:51:12,822,398,2005-05-28 20:26:12,1,2006-02-15 21:30:53,179
487,2005-05-28 00:00:30,774,569,2005-05-28 19:18:30,2,2006-02-15 21:30:53,169
488,2005-05-28 00:07:50,393,168,2005-06-03 22:30:50,2,2006-02-15 21:30:53,86
489,2005-05-28 00:09:12,940,476,2005-05-31 04:44:12,2,2006-02-15 21:30:53,208
490,2005-05-28 00:09:56,524,95,2005-05-30 22:32:56,2,2006-02-15 21:30:53,115
491,2005-05-28 00:13:35,326,196,2005-05-29 00:11:35,2,2006-02-15 21:30:53,73
492,2005-05-28 00:24:58,999,228,2005-05-28 22:34:58,1,2006-02-15 21:30:53,223
493,2005-05-28 00:34:11,184,501,2005-05-30 18:40:11,1,2006-02-15 21:30:53,40
494,2005-05-28 00:39:31,850,64,2005-06-02 19:35:31,1,2006-02-15 21:30:53,186
495,2005-05-28 00:40:48,7,526,2005-05-29 06:07:48,1,2006-02-15 21:30:53,1
496,2005-05-28 00:43:41,785,56,2005-06-04 03:56:41,1,2006-02-15 21:30:53,172
497,2005-05-28 00:54:39,636,20,2005-06-03 20:47:39,2,2006-02-15 21:30:53,138
498,2005-05-28 01:01:21,458,287,2005-05-30 21:20:21,2,2006-02-15 21:30:53,101
499,2005-05-28 01:05:07,381,199,2005-06-05 19:54:07,2,2006-02-15 21:30:53,84
500,2005-05-28 01:05:25,500,145,2005-05-31 20:04:25,1,2006-02-15 21:30:53,111
501,2005-05-28 01:09:36,601,162,2005-05-30 06:14:36,2,2006-02-15 21:30:53,131
502,2005-05-28 01:34:43,131,179,2005-05-31 01:02:43,2,2006-02-15 21:30:53,26
503,2005-05-28 01:35:25,5,288,2005-05-28 22:12:25,2,2006-02-15 21:30:53,1
504,2005-05-28 02:05:34,86,170,2005-05-30 23:03:34,1,2006-02-15 21:30:53,17
505,2005-05-28 02:06:37,71,111,2005-05-29 06:57:37,1,2006-02-15 21:30:53,15
506,2005-05-28 02:09:19,667,469,2005-06-05 20:34:19,1,2006-02-15 21:30:53,145
507,2005-05-28 02:31:19,621,421,2005-06-02 05:07:19,2,2006-02-15 21:30:53,135
508,2005-05-28 02:40:50,179,434,2005-06-05 03:05:50,1,2006-02-15 21:30:53,39
509,2005-05-28 02:51:12,416,147,2005-05-31 06:27:12,1,2006-02-15 21:30:53,91
510,2005-05-28 02:52:14,338,113,2005-05-30 21:20:14,2,2006-02-15 21:30:53,74
511,2005-05-28 03:04:04,827,296,2005-06-03 04:58:04,1,2006-02-15 21:30:53,181
512,2005-05-28 03:07:50,176,231,2005-06-05 02:12:50,2,2006-02-15 21:30:53,39
513,2005-05-28 03:08:10,225,489,2005-05-29 07:22:10,1,2006-02-15 21:30:53,50
514,2005-05-28 03:09:28,697,597,2005-06-05 00:49:28,2,2006-02-15 21:30:53,152
515,2005-05-28 03:10:10,369,110,2005-06-04 02:18:10,2,2006-02-15 21:30:53,81
516,2005-05-28 03:11:47,357,400,2005-06-04 02:19:47,1,2006-02-15 21:30:53,78
517,2005-05-28 03:17:57,234,403,2005-05-29 06:33:57,1,2006-02-15 21:30:53,52
518,2005-05-28 03:18:02,87,480,2005-05-30 05:32:02,1,2006-02-15 21:30:53,18
519,2005-05-28 03:22:33,564,245,2005-06-03 05:06:33,1,2006-02-15 21:30:53,122
520,2005-05-28 03:27:37,845,161,2005-06-04 05:47:37,1,2006-02-15 21:30:53,185
521,2005-05-28 03:32:22,397,374,2005-05-28 22:37:22,1,2006-02-15 21:30:53,88
522,2005-05-28 03:33:20,195,382,2005-05-31 04:23:20,1,2006-02-15 21:30:53,43
523,2005-05-28 03:53:26,905,138,2005-05-31 05:58:26,2,2006-02-15 21:30:53,201
524,2005-05-28 03:57:28,962,223,2005-05-31 05:20:28,1,2006-02-15 21:30:53,214
525,2005-05-28 04:25:33,817,14,2005-06-06 04:18:33,1,2006-02-15 21:30:53,178
526,2005-05-28 04:27:37,387,408,2005-05-30 07:52:37,1,2006-02-15 21:30:53,86
527,2005-05-28 04:28:38,266,169,2005-06-02 08:19:38,1,2006-02-15 21:30:53,59
528,2005-05-28 04:30:05,655,359,2005-06-03 10:01:05,2,2006-02-15 21:30:53,142
529,2005-05-28 04:34:17,624,469,2005-05-30 00:35:17,1,2006-02-15 21:30:53,135
530,2005-05-28 05:13:01,332,312,2005-06-01 10:21:01,2,2006-02-15 21:30:53,73
531,2005-05-28 05:23:38,113,589,2005-05-29 08:00:38,2,2006-02-15 21:30:53,22
532,2005-05-28 05:36:58,793,120,2005-06-02 01:50:58,1,2006-02-15 21:30:53,173
533,2005-05-28 06:14:46,306,528,2005-06-01 06:26:46,2,2006-02-15 21:30:53,69
534,2005-05-28 06:15:25,992,184,2005-06-06 07:51:25,1,2006-02-15 21:30:53,220
535,2005-05-28 06:16:32,209,307,2005-05-31 02:48:32,1,2006-02-15 21:30:53,46
536,2005-05-28 06:17:33,962,514,2005-06-03 10:02:33,2,2006-02-15 21:30:53,214
537,2005-05-28 06:20:55,95,315,2005-06-05 11:48:55,2,2006-02-15 21:30:53,19
538,2005-05-28 06:21:05,262,110,2005-06-02 01:22:05,2,2006-02-15 21:30:53,58
539,2005-05-28 06:26:16,427,161,2005-05-30 02:02:16,1,2006-02-15 21:30:53,94
540,2005-05-28 06:40:25,321,119,2005-06-06 00:47:25,1,2006-02-15 21:30:53,72
541,2005-05-28 06:41:58,662,535,2005-06-02 09:12:58,2,2006-02-15 21:30:53,143
542,2005-05-28 06:42:13,444,261,2005-06-03 09:05:13,1,2006-02-15 21:30:53,98
543,2005-05-28 06:43:34,530,493,2005-06-06 07:16:34,2,2006-02-15 21:30:53,116
544,2005-05-28 07:03:00,964,311,2005-06-06 06:23:00,1,2006-02-15 21:30:53,215
545,2005-05-28 07:10:20,86,54,2005-06-04 01:47:20,2,2006-02-15 21:30:53,17
546,2005-05-28 07:16:25,487,20,2005-06-01 08:36:25,1,2006-02-15 21:30:53,109
547,2005-05-28 07:24:28,65,506,2005-06-06 01:31:28,2,2006-02-15 21:30:53,12
548,2005-05-28 07:34:56,704,450,2005-06-05 03:14:56,2,2006-02-15 21:30:53,154
549,2005-05-28 07:35:37,818,159,2005-06-02 09:08:37,1,2006-02-15 21:30:53,178
550,2005-05-28 07:39:16,632,432,2005-06-06 12:20:16,2,2006-02-15 21:30:53,137
551,2005-05-28 07:44:18,119,315,2005-06-02 12:55:18,2,2006-02-15 21:30:53,23
552,2005-05-28 07:53:38,23,106,2005-06-04 12:45:38,2,2006-02-15 21:30:53,5
553,2005-05-28 08:14:44,349,176,2005-06-02 03:01:44,2,2006-02-15 21:30:53,77
554,2005-05-28 08:23:16,951,376,2005-05-31 03:29:16,2,2006-02-15 21:30:53,212
555,2005-05-28 08:31:14,397,55,2005-05-30 07:34:14,2,2006-02-15 21:30:53,88
556,2005-05-28 08:31:36,814,22,2005-06-06 07:29:36,2,2006-02-15 21:30:53,177
557,2005-05-28 08:36:22,158,444,2005-06-03 10:42:22,2,2006-02-15 21:30:53,34
558,2005-05-28 08:38:43,163,442,2005-06-06 13:52:43,1,2006-02-15 21:30:53,35
559,2005-05-28 08:39:02,227,572,2005-06-05 08:38:02,2,2006-02-15 21:30:53,51
560,2005-05-28 08:53:02,644,463,2005-06-04 12:27:02,2,2006-02-15 21:30:53,140
561,2005-05-28 08:54:06,928,77,2005-06-05 05:54:06,1,2006-02-15 21:30:53,206
562,2005-05-28 09:01:21,390,102,2005-06-02 05:26:21,2,2006-02-15 21:30:53,86
563,2005-05-28 09:10:49,53,324,2005-06-06 11:32:49,1,2006-02-15 21:30:53,11
564,2005-05-28 09:12:09,973,282,2005-05-29 05:07:09,1,2006-02-15 21:30:53,216
565,2005-05-28 09:26:31,494,288,2005-06-01 07:28:31,1,2006-02-15 21:30:53,110
566,2005-05-28 09:51:39,330,253,2005-06-05 09:35:39,1,2006-02-15 21:30:53,73
567,2005-05-28 09:56:20,308,184,2005-06-01 06:41:20,2,2006-02-15 21:30:53,69
568,2005-05-28 09:57:36,232,155,2005-05-31 15:44:36,1,2006-02-15 21:30:53,51
569,2005-05-28 10:12:41,534,56,2005-06-03 10:08:41,2,2006-02-15 21:30:53,117
570,2005-05-28 10:15:04,122,21,2005-05-30 08:32:04,1,2006-02-15 21:30:53,24
571,2005-05-28 10:17:41,250,516,2005-06-05 07:56:41,1,2006-02-15 21:30:53,56
572,2005-05-28 10:30:13,899,337,2005-06-02 05:04:13,2,2006-02-15 21:30:53,200
573,2005-05-28 10:35:23,20,1,2005-06-03 06:32:23,1,2006-02-15 21:30:53,4
574,2005-05-28 10:44:28,883,76,2005-06-04 11:42:28,1,2006-02-15 21:30:53,194
575,2005-05-28 10:56:09,451,142,2005-06-05 15:39:09,1,2006-02-15 21:30:53,100
576,2005-05-28 10:56:10,866,588,2005-06-04 13:15:10,2,2006-02-15 21:30:53,190
577,2005-05-28 11:09:14,375,6,2005-06-01 13:27:14,2,2006-02-15 21:30:53,83
578,2005-05-28 11:15:48,938,173,2005-06-02 09:59:48,1,2006-02-15 21:30:53,208
579,2005-05-28 11:19:23,481,181,2005-06-02 13:51:23,1,2006-02-15 21:30:53,106
580,2005-05-28 11:19:53,515,17,2005-06-01 10:44:53,2,2006-02-15 21:30:53,114
581,2005-05-28 11:20:29,380,186,2005-06-04 12:37:29,2,2006-02-15 21:30:53,84
582,2005-05-28 11:33:46,579,198,2005-05-29 08:33:46,1,2006-02-15 21:30:53,126
583,2005-05-28 11:48:55,679,386,2005-06-04 07:09:55,2,2006-02-15 21:30:53,149
584,2005-05-28 11:49:00,833,69,2005-06-01 11:54:00,1,2006-02-15 21:30:53,182
585,2005-05-28 11:50:45,544,490,2005-06-03 15:35:45,2,2006-02-15 21:30:53,119
586,2005-05-28 12:03:00,898,77,2005-05-29 13:16:00,1,2006-02-15 21:30:53,200
587,2005-05-28 12:05:33,413,64,2005-05-30 13:45:33,2,2006-02-15 21:30:53,91
588,2005-05-28 12:08:37,95,89,2005-05-29 16:25:37,2,2006-02-15 21:30:53,19
589,2005-05-28 12:27:50,231,308,2005-06-03 07:15:50,2,2006-02-15 21:30:53,51
590,2005-05-28 13:06:50,473,462,2005-06-02 09:18:50,1,2006-02-15 21:30:53,104
591,2005-05-28 13:11:04,377,19,2005-05-29 17:20:04,2,2006-02-15 21:30:53,83
592,2005-05-28 13:21:08,638,244,2005-05-29 16:55:08,1,2006-02-15 21:30:53,139
593,2005-05-28 13:33:23,810,16,2005-05-30 17:10:23,2,2006-02-15 21:30:53,176
594,2005-05-28 13:41:56,766,538,2005-05-30 12:00:56,1,2006-02-15 21:30:53,167
595,2005-05-28 13:59:54,595,294,2005-06-05 15:16:54,1,2006-02-15 21:30:53,130
596,2005-05-28 14:00:03,821,589,2005-05-29 17:10:03,1,2006-02-15 21:30:53,179
597,2005-05-28 14:01:02,469,249,2005-06-06 19:06:02,2,2006-02-15 21:30:53,103
598,2005-05-28 14:04:50,599,159,2005-06-03 18:00:50,2,2006-02-15 21:30:53,130
599,2005-05-28 14:05:57,136,393,2005-06-01 16:41:57,2,2006-02-15 21:30:53,27
600,2005-05-28 14:08:19,567,332,2005-06-03 11:57:19,2,2006-02-15 21:30:53,123
601,2005-05-28 14:08:22,225,429,2005-06-04 10:50:22,1,2006-02-15 21:30:53,50
602,2005-05-28 14:15:54,300,590,2005-06-05 15:16:54,2,2006-02-15 21:30:53,68
603,2005-05-28 14:27:51,248,537,2005-05-29 13:13:51,1,2006-02-15 21:30:53,56
604,2005-05-28 14:37:07,585,426,2005-06-03 11:03:07,2,2006-02-15 21:30:53,127
605,2005-05-28 14:39:10,232,501,2005-06-01 09:28:10,2,2006-02-15 21:30:53,51
606,2005-05-28 14:48:39,509,299,2005-06-04 09:44:39,2,2006-02-15 21:30:53,113
607,2005-05-28 15:02:41,561,554,2005-05-30 12:54:41,2,2006-02-15 21:30:53,122
608,2005-05-28 15:03:44,254,494,2005-06-04 17:14:44,2,2006-02-15 21:30:53,57
609,2005-05-28 15:04:02,944,150,2005-06-05 14:47:02,2,2006-02-15 21:30:53,209
610,2005-05-28 15:15:25,642,500,2005-06-02 12:30:25,2,2006-02-15 21:30:53,139
611,2005-05-28 15:18:18,230,580,2005-05-31 20:15:18,2,2006-02-15 21:30:53,51
612,2005-05-28 15:24:54,180,161,2005-05-30 14:22:54,2,2006-02-15 21:30:53,39
613,2005-05-28 15:27:22,270,595,2005-06-02 20:01:22,1,2006-02-15 21:30:53,60
614,2005-05-28 15:33:28,280,307,2005-06-04 12:27:28,2,2006-02-15 21:30:53,63
615,2005-05-28 15:35:52,397,533,2005-06-03 17:35:52,2,2006-02-15 21:30:53,88
616,2005-05-28 15:45:39,989,471,2005-06-02 09:55:39,1,2006-02-15 21:30:53,220
617,2005-05-28 15:49:14,142,372,2005-05-31 14:29:14,2,2006-02-15 21:30:53,29
618,2005-05-28 15:50:07,445,248,2005-06-01 19:45:07,1,2006-02-15 21:30:53,99
619,2005-05-28 15:52:26,482,407,2005-06-06 17:55:26,2,2006-02-15 21:30:53,106
620,2005-05-28 15:54:45,444,321,2005-06-04 20:26:45,1,2006-02-15 21:30:53,98
621,2005-05-28 15:58:12,144,239,2005-05-30 21:54:12,1,2006-02-15 21:30:53,30
622,2005-05-28 15:58:22,363,109,2005-06-04 10:13:22,1,2006-02-15 21:30:53,79
623,2005-05-28 16:01:28,222,495,2005-05-30 11:19:28,1,2006-02-15 21:30:53,50
624,2005-05-28 16:13:22,660,569,2005-06-06 20:35:22,1,2006-02-15 21:30:53,143
625,2005-05-28 16:35:46,889,596,2005-06-01 14:19:46,1,2006-02-15 21:30:53,199
626,2005-05-28 16:58:09,452,584,2005-06-01 14:02:09,2,2006-02-15 21:30:53,100
627,2005-05-28 17:04:43,425,241,2005-06-04 19:58:43,2,2006-02-15 21:30:53,93
628,2005-05-28 17:05:46,513,173,2005-06-06 16:29:46,2,2006-02-15 21:30:53,114
629,2005-05-28 17:19:15,527,94,2005-06-02 20:01:15,2,2006-02-15 21:30:53,116
630,2005-05-28 17:24:51,254,417,2005-06-05 20:05:51,2,2006-02-15 21:30:53,57
631,2005-05-28 17:36:32,465,503,2005-06-03 14:56:32,2,2006-02-15 21:30:53,103
632,2005-05-28 17:37:50,287,442,2005-06-03 16:04:50,1,2006-02-15 21:30:53,65
633,2005-05-28 17:37:59,58,360,2005-06-03 22:49:59,2,2006-02-15 21:30:53,11
634,2005-05-28 17:40:35,630,428,2005-06-05 16:18:35,2,2006-02-15 21:30:53,137
635,2005-05-28 17:46:57,648,42,2005-06-06 18:24:57,1,2006-02-15 21:30:53,140
636,2005-05-28 17:47:58,213,239,2005-06-04 16:32:58,1,2006-02-15 21:30:53,48
637,2005-05-28 18:14:29,581,250,2005-05-29 23:48:29,2,2006-02-15 21:30:53,127
638,2005-05-28 18:24:43,685,372,2005-06-02 19:03:43,2,2006-02-15 21:30:53,150
639,2005-05-28 18:25:02,204,198,2005-05-29 18:22:02,1,2006-02-15 21:30:53,45
640,2005-05-28 18:43:26,495,465,2005-05-30 13:39:26,1,2006-02-15 21:30:53,110
641,2005-05-28 18:45:47,548,396,2005-06-04 15:24:47,1,2006-02-15 21:30:53,119
642,2005-05-28 18:49:12,140,157,2005-06-01 20:50:12,2,2006-02-15 21:30:53,28
643,2005-05-28 18:52:11,105,240,2005-05-31 15:15:11,2,2006-02-15 21:30:53,21
644,2005-05-28 18:59:12,304,316,2005-06-04 18:06:12,1,2006-02-15 21:30:53,69
645,2005-05-28 19:14:09,128,505,2005-06-05 14:01:09,1,2006-02-15 21:30:53,25
646,2005-05-28 19:16:14,922,185,2005-05-31 16:50:14,2,2006-02-15 21:30:53,205
647,2005-05-28 19:22:52,435,569,2005-06-01 00:10:52,1,2006-02-15 21:30:53,96
648,2005-05-28 19:25:54,476,253,2005-06-03 15:57:54,2,2006-02-15 21:30:53,105
649,2005-05-28 19:35:45,781,197,2005-06-05 16:00:45,1,2006-02-15 21:30:53,170
650,2005-05-28 19:45:40,384,281,2005-05-29 21:02:40,1,2006-02-15 21:30:53,85
651,2005-05-28 19:46:50,739,266,2005-05-30 16:29:50,1,2006-02-15 21:30:53,162
652,2005-05-28 20:08:47,201,43,2005-05-29 14:57:47,2,2006-02-15 21:30:53,45
653,2005-05-28 20:12:20,126,327,2005-06-04 14:44:20,2,2006-02-15 21:30:53,25
654,2005-05-28 20:15:30,312,23,2005-05-30 22:02:30,2,2006-02-15 21:30:53,70
655,2005-05-28 20:16:20,331,287,2005-05-31 16:46:20,2,2006-02-15 21:30:53,73
656,2005-05-28 20:18:24,846,437,2005-05-30 16:19:24,1,2006-02-15 21:30:53,185
657,2005-05-28 20:23:09,848,65,2005-06-01 02:11:09,1,2006-02-15 21:30:53,186
658,2005-05-28 20:23:23,226,103,2005-06-06 19:31:23,2,2006-02-15 21:30:53,50
659,2005-05-28 20:27:53,382,207,2005-05-31 01:36:53,2,2006-02-15 21:30:53,84
660,2005-05-28 20:53:31,414,578,2005-05-30 15:26:31,1,2006-02-15 21:30:53,91
661,2005-05-28 21:01:25,247,51,2005-06-02 01:22:25,2,2006-02-15 21:30:53,55
662,2005-05-28 21:09:31,968,166,2005-06-01 19:00:31,2,2006-02-15 21:30:53,215
663,2005-05-28 21:23:02,997,176,2005-06-02 17:39:02,2,2006-02-15 21:30:53,222
664,2005-05-28 21:31:08,87,523,2005-06-02 20:56:08,2,2006-02-15 21:30:53,18
665,2005-05-28 21:38:39,12,415,2005-05-29 21:37:39,1,2006-02-15 21:30:53,3
666,2005-05-28 21:48:51,75,437,2005-06-05 16:45:51,2,2006-02-15 21:30:53,15
667,2005-05-28 21:49:02,797,596,2005-05-31 03:07:02,1,2006-02-15 21:30:53,174
668,2005-05-28 21:54:45,528,484,2005-05-29 22:32:45,1,2006-02-15 21:30:53,116
669,2005-05-28 22:03:25,677,313,2005-06-03 03:39:25,1,2006-02-15 21:30:53,147
670,2005-05-28 22:04:03,227,201,2005-06-06 22:43:03,2,2006-02-15 21:30:53,51
671,2005-05-28 22:04:30,27,14,2005-06-03 01:21:30,2,2006-02-15 21:30:53,6
672,2005-05-28 22:05:29,697,306,2005-06-06 02:10:29,2,2006-02-15 21:30:53,152
673,2005-05-28 22:07:30,769,468,2005-06-01 23:42:30,1,2006-02-15 21:30:53,167
674,2005-05-28 22:11:35,150,87,2005-06-01 23:58:35,2,2006-02-15 21:30:53,31
675,2005-05-28 22:22:44,273,338,2005-06-01 02:57:44,2,2006-02-15 21:30:53,61
676,2005-05-28 22:27:51,329,490,2005-05-29 20:36:51,2,2006-02-15 21:30:53,73
677,2005-05-28 23:00:08,558,194,2005-06-05 19:11:08,2,2006-02-15 21:30:53,121
678,2005-05-28 23:15:48,741,269,2005-06-03 04:43:48,2,2006-02-15 21:30:53,162
679,2005-05-28 23:24:57,907,526,2005-06-06 21:59:57,2,2006-02-15 21:30:53,201
680,2005-05-28 23:27:26,147,482,2005-06-02 02:28:26,2,2006-02-15 21:30:53,31
681,2005-05-28 23:39:44,346,531,2005-06-01 01:42:44,1,2006-02-15 21:30:53,77
682,2005-05-28 23:53:18,160,148,2005-05-29 19:14:18,2,2006-02-15 21:30:53,35
683,2005-05-29 00:09:48,38,197,2005-06-02 04:27:48,1,2006-02-15 21:30:53,8
684,2005-05-29 00:13:15,242,461,2005-06-04 21:26:15,2,2006-02-15 21:30:53,55
685,2005-05-29 00:17:51,385,172,2005-06-05 05:32:51,2,2006-02-15 21:30:53,85
686,2005-05-29 00:27:10,441,411,2005-05-30 02:29:10,1,2006-02-15 21:30:53,97
687,2005-05-29 00:32:09,731,250,2005-05-31 23:53:09,1,2006-02-15 21:30:53,160
688,2005-05-29 00:45:24,135,162,2005-06-02 01:30:24,1,2006-02-15 21:30:53,27
689,2005-05-29 00:46:53,742,571,2005-06-03 23:48:53,2,2006-02-15 21:30:53,162
690,2005-05-29 00:54:53,646,85,2005-06-06 00:45:53,1,2006-02-15 21:30:53,140
691,2005-05-29 01:01:26,34,433,2005-06-07 06:21:26,1,2006-02-15 21:30:53,7
692,2005-05-29 01:32:10,800,18,2005-06-02 03:54:10,2,2006-02-15 21:30:53,174
693,2005-05-29 01:42:31,635,190,2005-06-03 02:29:31,2,2006-02-15 21:30:53,138
694,2005-05-29 01:49:43,592,399,2005-06-05 06:52:43,1,2006-02-15 21:30:53,129
695,2005-05-29 01:50:53,276,528,2005-06-03 02:28:53,1,2006-02-15 21:30:53,61
696,2005-05-29 01:59:10,76,19,2005-06-01 02:45:10,1,2006-02-15 21:30:53,15
697,2005-05-29 02:04:04,949,387,2005-06-04 00:47:04,2,2006-02-15 21:30:53,211
698,2005-05-29 02:10:52,412,109,2005-06-01 21:52:52,1,2006-02-15 21:30:53,91
699,2005-05-29 02:11:44,130,246,2005-06-04 20:23:44,2,2006-02-15 21:30:53,26
700,2005-05-29 02:18:54,500,117,2005-05-30 05:54:54,1,2006-02-15 21:30:53,111
701,2005-05-29 02:26:27,372,112,2005-06-03 04:59:27,1,2006-02-15 21:30:53,82
702,2005-05-29 02:27:30,556,475,2005-05-30 01:52:30,2,2006-02-15 21:30:53,121
703,2005-05-29 02:29:36,123,269,2005-06-03 04:54:36,2,2006-02-15 21:30:53,24
704,2005-05-29 02:44:43,628,330,2005-06-06 01:51:43,2,2006-02-15 21:30:53,136
705,2005-05-29 02:48:52,809,257,2005-05-30 06:21:52,1,2006-02-15 21:30:53,176
706,2005-05-29 03:05:49,278,60,2005-06-04 22:48:49,1,2006-02-15 21:30:53,62
707,2005-05-29 03:18:19,819,252,2005-05-30 02:45:19,1,2006-02-15 21:30:53,179
708,2005-05-29 03:23:47,133,127,2005-05-31 21:27:47,2,2006-02-15 21:30:53,26
709,2005-05-29 03:48:01,459,479,2005-06-06 05:21:01,1,2006-02-15 21:30:53,101
710,2005-05-29 03:48:36,194,518,2005-06-03 05:03:36,1,2006-02-15 21:30:53,43
711,2005-05-29 03:49:03,581,215,2005-05-31 08:29:03,2,2006-02-15 21:30:53,127
712,2005-05-29 04:02:24,191,313,2005-05-30 03:09:24,2,2006-02-15 21:30:53,43
713,2005-05-29 04:10:17,664,507,2005-06-07 07:13:17,1,2006-02-15 21:30:53,143
714,2005-05-29 04:15:21,10,452,2005-06-01 23:05:21,2,2006-02-15 21:30:53,2
715,2005-05-29 04:22:41,30,545,2005-06-05 09:28:41,1,2006-02-15 21:30:53,6
716,2005-05-29 04:35:29,85,36,2005-06-01 07:42:29,2,2006-02-15 21:30:53,17
717,2005-05-29 04:37:44,383,412,2005-05-30 05:48:44,2,2006-02-15 21:30:53,85
718,2005-05-29 04:52:23,736,498,2005-06-02 02:27:23,1,2006-02-15 21:30:53,161
719,2005-05-29 05:16:05,267,245,2005-06-01 07:53:05,2,2006-02-15 21:30:53,59
720,2005-05-29 05:17:30,687,480,2005-06-06 02:47:30,2,2006-02-15 21:30:53,150
721,2005-05-29 05:28:47,116,44,2005-05-31 11:24:47,1,2006-02-15 21:30:53,23
722,2005-05-29 05:30:31,540,259,2005-06-06 04:51:31,1,2006-02-15 21:30:53,118
723,2005-05-29 05:34:44,407,309,2005-05-30 05:50:44,1,2006-02-15 21:30:53,90
724,2005-05-29 05:53:23,770,416,2005-06-05 04:01:23,2,2006-02-15 21:30:53,167
725,2005-05-29 06:03:41,88,245,2005-06-03 08:52:41,2,2006-02-15 21:30:53,18
726,2005-05-29 06:05:29,933,452,2005-06-05 04:40:29,2,2006-02-15 21:30:53,206
727,2005-05-29 06:08:15,629,484,2005-05-30 07:16:15,1,2006-02-15 21:30:53,137
728,2005-05-29 06:12:38,242,551,2005-06-03 07:41:38,1,2006-02-15 21:30:53,55
729,2005-05-29 06:35:13,688,323,2005-06-04 03:23:13,2,2006-02-15 21:30:53,150
730,2005-05-29 07:00:59,473,197,2005-06-06 01:17:59,1,2006-02-15 21:30:53,104
731,2005-05-29 07:25:16,124,5,2005-05-30 05:21:16,1,2006-02-15 21:30:53,25
732,2005-05-29 07:32:51,530,447,2005-05-30 10:08:51,2,2006-02-15 21:30:53,116
733,2005-05-29 07:35:21,951,363,2005-06-05 09:14:21,1,2006-02-15 21:30:53,212
734,2005-05-29 07:38:52,84,538,2005-06-03 10:17:52,2,2006-02-15 21:30:53,17
735,2005-05-29 08:08:13,421,454,2005-06-07 13:35:13,1,2006-02-15 21:30:53,92
736,2005-05-29 08:10:07,689,276,2005-06-05 10:21:07,2,2006-02-15 21:30:53,150
737,2005-05-29 08:11:31,769,589,2005-06-04 11:18:31,2,2006-02-15 21:30:53,167
738,2005-05-29 08:20:08,284,256,2005-06-06 08:59:08,2,2006-02-15 21:30:53,64
739,2005-05-29 08:28:18,183,84,2005-06-06 09:21:18,2,2006-02-15 21:30:53,40
740,2005-05-29 08:30:36,600,89,2005-06-04 12:47:36,2,2006-02-15 21:30:53,131
741,2005-05-29 08:35:49,189,495,2005-06-04 11:55:49,1,2006-02-15 21:30:53,43
742,2005-05-29 08:36:30,273,483,2005-06-05 11:30:30,1,2006-02-15 21:30:53,61
743,2005-05-29 08:39:02,528,548,2005-06-06 08:42:02,2,2006-02-15 21:30:53,116
744,2005-05-29 09:13:08,722,420,2005-06-01 07:05:08,2,2006-02-15 21:30:53,158
745,2005-05-29 09:22:57,581,152,2005-06-01 09:10:57,1,2006-02-15 21:30:53,127
746,2005-05-29 09:25:10,272,130,2005-06-02 04:20:10,2,2006-02-15 21:30:53,61
747,2005-05-29 09:26:34,993,291,2005-06-05 07:28:34,1,2006-02-15 21:30:53,222
748,2005-05-29 09:27:00,803,7,2005-06-03 04:25:00,1,2006-02-15 21:30:53,175
749,2005-05-29 09:33:33,146,375,2005-05-31 11:45:33,2,2006-02-15 21:30:53,31
750,2005-05-29 09:41:40,730,269,2005-05-30 13:31:40,1,2006-02-15 21:30:53,159
751,2005-05-29 09:55:43,711,53,2005-06-02 04:54:43,1,2006-02-15 21:30:53,155
752,2005-05-29 10:14:15,720,126,2005-06-04 06:30:15,1,2006-02-15 21:30:53,158
753,2005-05-29 10:16:42,21,135,2005-06-05 08:52:42,2,2006-02-15 21:30:53,4
754,2005-05-29 10:18:59,734,281,2005-06-04 05:03:59,2,2006-02-15 21:30:53,160
755,2005-05-29 10:26:29,90,576,2005-06-01 10:25:29,2,2006-02-15 21:30:53,18
756,2005-05-29 10:28:45,152,201,2005-06-04 12:50:45,1,2006-02-15 21:30:53,31
757,2005-05-29 10:29:47,67,435,2005-06-07 15:27:47,1,2006-02-15 21:30:53,13
758,2005-05-29 10:31:56,191,563,2005-06-01 14:53:56,2,2006-02-15 21:30:53,43
759,2005-05-29 10:57:57,367,179,2005-06-07 16:23:57,2,2006-02-15 21:30:53,80
760,2005-05-29 11:07:25,250,77,2005-06-02 14:16:25,1,2006-02-15 21:30:53,56
761,2005-05-29 11:09:01,342,58,2005-06-03 16:18:01,2,2006-02-15 21:30:53,76
762,2005-05-29 11:15:51,683,146,2005-06-06 07:48:51,1,2006-02-15 21:30:53,149
763,2005-05-29 11:32:15,22,50,2005-05-31 17:31:15,1,2006-02-15 21:30:53,4
764,2005-05-29 11:37:35,69,149,2005-05-31 16:47:35,1,2006-02-15 21:30:53,13
765,2005-05-29 11:38:34,515,69,2005-06-02 17:04:34,1,2006-02-15 21:30:53,114
766,2005-05-29 11:47:02,154,383,2005-06-06 07:14:02,1,2006-02-15 21:30:53,32
767,2005-05-29 12:20:19,687,67,2005-06-02 14:15:19,2,2006-02-15 21:30:53,150
768,2005-05-29 12:30:46,895,566,2005-06-07 09:00:46,2,2006-02-15 21:30:53,199
769,2005-05-29 12:51:44,523,575,2005-06-01 17:43:44,1,2006-02-15 21:30:53,115
770,2005-05-29 12:56:50,491,405,2005-06-07 15:54:50,2,2006-02-15 21:30:53,109
771,2005-05-29 12:59:14,353,476,2005-06-01 16:05:14,2,2006-02-15 21:30:53,78
772,2005-05-29 13:08:06,319,556,2005-06-06 08:19:06,1,2006-02-15 21:30:53,71
773,2005-05-29 13:18:05,245,563,2005-06-07 17:22:05,1,2006-02-15 21:30:53,55
774,2005-05-29 13:19:43,188,575,2005-06-01 18:51:43,1,2006-02-15 21:30:53,42
775,2005-05-29 13:23:26,197,124,2005-05-30 07:53:26,2,2006-02-15 21:30:53,44
776,2005-05-29 13:35:35,339,113,2005-06-03 17:33:35,1,2006-02-15 21:30:53,75
777,2005-05-29 14:07:58,451,360,2005-06-03 08:41:58,2,2006-02-15 21:30:53,100
778,2005-05-29 14:09:53,816,535,2005-06-05 20:05:53,1,2006-02-15 21:30:53,177
779,2005-05-29 14:17:17,533,105,2005-06-06 16:46:17,1,2006-02-15 21:30:53,117
780,2005-05-29 14:18:32,919,300,2005-06-06 20:14:32,1,2006-02-15 21:30:53,204
781,2005-05-29 14:23:58,88,313,2005-05-30 17:44:58,1,2006-02-15 21:30:53,18
782,2005-05-29 14:38:57,255,596,2005-06-02 13:18:57,2,2006-02-15 21:30:53,57
783,2005-05-29 14:41:18,46,53,2005-06-06 10:39:18,2,2006-02-15 21:30:53,10
784,2005-05-29 14:44:22,936,352,2005-06-01 17:28:22,2,2006-02-15 21:30:53,207
785,2005-05-29 15:08:41,39,72,2005-05-30 15:51:41,1,2006-02-15 21:30:53,8
786,2005-05-29 15:17:28,637,439,2005-06-07 10:07:28,2,2006-02-15 21:30:53,138
787,2005-05-29 16:03:03,919,27,2005-06-07 11:07:03,2,2006-02-15 21:30:53,204
788,2005-05-29 16:13:55,763,562,2005-05-31 16:40:55,1,2006-02-15 21:30:53,166
789,2005-05-29 16:17:07,708,553,2005-06-06 18:15:07,1,2006-02-15 21:30:53,154
790,2005-05-29 16:19:29,858,593,2005-06-02 17:22:29,2,2006-02-15 21:30:53,189
791,2005-05-29 16:30:42,554,284,2005-06-01 19:11:42,1,2006-02-15 21:30:53,121
792,2005-05-29 16:32:10,841,261,2005-05-31 18:01:10,1,2006-02-15 21:30:53,184
793,2005-05-29 16:44:08,379,528,2005-06-06 19:21:08,2,2006-02-15 21:30:53,84
794,2005-05-29 16:44:11,995,50,2005-06-05 16:11:11,1,2006-02-15 21:30:53,222
795,2005-05-29 16:57:39,609,551,2005-06-01 11:33:39,2,2006-02-15 21:30:53,132
796,2005-05-29 16:59:44,697,26,2005-06-03 16:22:44,2,2006-02-15 21:30:53,152
797,2005-05-29 17:12:17,446,244,2005-06-03 16:06:17,1,2006-02-15 21:30:53,99
798,2005-05-29 17:23:43,102,134,2005-06-01 13:06:43,2,2006-02-15 21:30:53,21
799,2005-05-29 17:24:48,713,429,2005-06-05 12:25:48,1,2006-02-15 21:30:53,155
800,2005-05-29 17:28:12,441,472,2005-05-30 14:59:12,1,2006-02-15 21:30:53,97
801,2005-05-29 17:35:50,642,402,2005-06-04 17:05:50,2,2006-02-15 21:30:53,139
802,2005-05-29 17:38:59,785,350,2005-05-31 22:42:59,2,2006-02-15 21:30:53,172
803,2005-05-29 17:52:30,602,32,2005-05-30 14:35:30,2,2006-02-15 21:30:53,131
804,2005-05-29 18:10:24,909,171,2005-06-06 22:53:24,1,2006-02-15 21:30:53,202
805,2005-05-29 18:18:18,132,232,2005-06-07 15:11:18,2,2006-02-15 21:30:53,26
806,2005-05-29 18:31:30,386,435,2005-05-31 00:18:30,2,2006-02-15 21:30:53,85
807,2005-05-29 18:50:50,195,235,2005-06-03 18:36:50,2,2006-02-15 21:30:53,43
808,2005-05-29 19:08:20,928,104,2005-06-06 20:32:20,2,2006-02-15 21:30:53,206
809,2005-05-29 19:10:20,114,222,2005-06-05 19:05:20,2,2006-02-15 21:30:53,22
810,2005-05-29 19:12:04,533,346,2005-06-04 21:12:04,2,2006-02-15 21:30:53,117
811,2005-05-29 19:30:42,419,401,2005-06-02 16:19:42,2,2006-02-15 21:30:53,92
812,2005-05-29 20:00:30,99,225,2005-05-30 19:43:30,2,2006-02-15 21:30:53,20
813,2005-05-29 20:14:34,554,344,2005-06-05 20:56:34,1,2006-02-15 21:30:53,121
814,2005-05-29 20:16:12,572,134,2005-06-07 17:47:12,1,2006-02-15 21:30:53,124
815,2005-05-29 20:24:28,757,14,2005-06-03 15:32:28,1,2006-02-15 21:30:53,165
816,2005-05-29 20:26:39,630,474,2005-06-06 22:31:39,2,2006-02-15 21:30:53,137
817,2005-05-29 20:39:14,186,554,2005-05-31 18:24:14,1,2006-02-15 21:30:53,42
818,2005-05-29 20:47:53,106,321,2005-06-02 23:18:53,2,2006-02-15 21:30:53,21
819,2005-05-29 21:00:32,623,511,2005-06-02 15:15:32,2,2006-02-15 21:30:53,135
820,2005-05-29 21:07:22,584,22,2005-06-07 00:22:22,2,2006-02-15 21:30:53,127
821,2005-05-29 21:31:12,380,348,2005-06-04 22:49:12,1,2006-02-15 21:30:53,84
822,2005-05-29 21:36:00,634,480,2005-06-07 17:24:00,1,2006-02-15 21:30:53,138
823,2005-05-29 21:39:37,249,441,2005-05-30 22:06:37,1,2006-02-15 21:30:53,56
824,2005-05-29 21:45:32,518,357,2005-05-31 19:01:32,1,2006-02-15 21:30:53,114
825,2005-05-29 21:49:41,712,371,2005-06-04 20:27:41,2,2006-02-15 21:30:53,155
826,2005-05-29 21:56:15,263,207,2005-06-08 03:18:15,1,2006-02-15 21:30:53,58
827,2005-05-29 21:58:43,62,573,2005-06-06 00:54:43,1,2006-02-15 21:30:53,12
828,2005-05-29 22:14:55,468,217,2005-05-30 17:22:55,1,2006-02-15 21:30:53,103
829,2005-05-29 22:16:42,684,371,2005-06-06 01:38:42,1,2006-02-15 21:30:53,150
830,2005-05-29 22:43:55,464,3,2005-06-01 17:43:55,1,2006-02-15 21:30:53,102
831,2005-05-29 22:50:25,912,509,2005-06-06 02:27:25,1,2006-02-15 21:30:53,203
832,2005-05-29 22:51:20,381,159,2005-06-07 17:37:20,2,2006-02-15 21:30:53,84
833,2005-05-29 23:21:56,898,417,2005-06-02 18:40:56,1,2006-02-15 21:30:53,200
834,2005-05-29 23:24:30,628,84,2005-05-30 22:00:30,2,2006-02-15 21:30:53,136
835,2005-05-29 23:37:00,299,381,2005-06-02 23:38:00,1,2006-02-15 21:30:53,67
836,2005-05-29 23:56:42,140,368,2005-05-31 04:11:42,2,2006-02-15 21:30:53,28
837,2005-05-30 00:02:08,977,172,2005-06-02 05:31:08,2,2006-02-15 21:30:53,218
838,2005-05-30 00:27:57,859,504,2005-06-06 22:19:57,2,2006-02-15 21:30:53,189
839,2005-05-30 00:28:12,886,337,2005-06-08 02:43:12,1,2006-02-15 21:30:53,196
840,2005-05-30 00:28:41,49,79,2005-05-31 20:39:41,2,2006-02-15 21:30:53,10
841,2005-05-30 00:31:17,318,387,2005-06-02 19:14:17,1,2006-02-15 21:30:53,71
842,2005-05-30 00:32:04,328,238,2005-06-01 02:21:04,1,2006-02-15 21:30:53,73
843,2005-05-30 00:44:24,214,313,2005-05-31 00:58:24,2,2006-02-15 21:30:53,48
844,2005-05-30 00:58:20,536,429,2005-06-01 00:38:20,1,2006-02-15 21:30:53,117
845,2005-05-30 01:17:25,1,72,2005-06-07 02:00:25,1,2006-02-15 21:30:53,1
846,2005-05-30 01:17:45,938,49,2005-06-01 00:56:45,2,2006-02-15 21:30:53,208
847,2005-05-30 01:18:15,387,380,2005-06-06 20:20:15,2,2006-02-15 21:30:53,86
848,2005-05-30 01:19:53,363,436,2005-06-05 23:40:53,1,2006-02-15 21:30:53,79
849,2005-05-30 01:23:07,424,449,2005-06-07 01:50:07,1,2006-02-15 21:30:53,93
850,2005-05-30 01:35:12,390,517,2005-05-31 01:51:12,1,2006-02-15 21:30:53,86
851,2005-05-30 01:35:15,780,530,2005-06-06 07:27:15,1,2006-02-15 21:30:53,170
852,2005-05-30 01:36:57,622,549,2005-06-01 22:44:57,1,2006-02-15 21:30:53,135
853,2005-05-30 01:43:31,693,122,2005-06-01 02:05:31,1,2006-02-15 21:30:53,151
854,2005-05-30 01:56:11,921,369,2005-06-01 06:34:11,2,2006-02-15 21:30:53,204
855,2005-05-30 02:00:28,527,406,2005-06-03 20:16:28,2,2006-02-15 21:30:53,116
856,2005-05-30 02:01:21,969,53,2005-06-07 03:25:21,1,2006-02-15 21:30:53,216
857,2005-05-30 02:01:23,569,204,2005-06-02 06:07:23,2,2006-02-15 21:30:53,123
858,2005-05-30 02:10:32,258,358,2005-06-01 04:42:32,1,2006-02-15 21:30:53,57
859,2005-05-30 02:36:20,32,79,2005-06-02 07:49:20,2,2006-02-15 21:30:53,7
860,2005-05-30 02:45:16,578,276,2005-06-08 07:28:16,1,2006-02-15 21:30:53,126
861,2005-05-30 02:48:32,711,502,2005-06-06 05:43:32,1,2006-02-15 21:30:53,155
862,2005-05-30 03:09:11,186,328,2005-06-03 21:27:11,1,2006-02-15 21:30:53,42
863,2005-05-30 03:14:59,999,379,2005-06-05 04:34:59,2,2006-02-15 21:30:53,223
864,2005-05-30 03:27:17,777,544,2005-06-06 08:28:17,1,2006-02-15 21:30:53,170
865,2005-05-30 03:39:44,183,154,2005-06-07 08:10:44,2,2006-02-15 21:30:53,40
866,2005-05-30 03:43:54,867,8,2005-06-08 04:28:54,1,2006-02-15 21:30:53,191
867,2005-05-30 03:54:43,389,99,2005-06-01 22:59:43,1,2006-02-15 21:30:53,86
868,2005-05-30 04:19:55,604,28,2005-05-31 02:28:55,1,2006-02-15 21:30:53,131
869,2005-05-30 04:22:06,399,296,2005-06-03 09:18:06,2,2006-02-15 21:30:53,89
870,2005-05-30 04:25:47,903,391,2005-06-06 04:32:47,1,2006-02-15 21:30:53,200
871,2005-05-30 05:01:30,573,303,2005-06-04 06:22:30,2,2006-02-15 21:30:53,124
872,2005-05-30 05:03:04,904,548,2005-06-06 10:35:04,1,2006-02-15 21:30:53,200
873,2005-05-30 05:15:20,568,375,2005-06-07 00:49:20,2,2006-02-15 21:30:53,123
874,2005-05-30 05:36:21,363,52,2005-06-01 09:32:21,1,2006-02-15 21:30:53,79
875,2005-05-30 05:38:24,428,326,2005-06-06 00:34:24,2,2006-02-15 21:30:53,95
876,2005-05-30 05:41:22,471,339,2005-06-07 09:06:22,2,2006-02-15 21:30:53,103
877,2005-05-30 05:48:59,886,9,2005-06-02 09:30:59,1,2006-02-15 21:30:53,196
878,2005-05-30 05:49:13,265,323,2005-06-07 04:35:13,1,2006-02-15 21:30:53,59
879,2005-05-30 05:49:42,21,482,2005-06-05 01:45:42,2,2006-02-15 21:30:53,4
880,2005-05-30 06:12:33,819,460,2005-06-02 04:35:33,2,2006-02-15 21:30:53,179
881,2005-05-30 06:15:36,602,242,2005-06-02 10:21:36,1,2006-02-15 21:30:53,131
882,2005-05-30 06:16:06,841,477,2005-06-02 11:57:06,1,2006-02-15 21:30:53,184
883,2005-05-30 06:21:05,271,399,2005-06-07 04:50:05,2,2006-02-15 21:30:53,60
884,2005-05-30 06:41:32,79,17,2005-05-31 07:39:32,1,2006-02-15 21:30:53,16
885,2005-05-30 06:54:28,646,62,2005-06-03 07:03:28,2,2006-02-15 21:30:53,140
886,2005-05-30 06:54:51,356,393,2005-06-01 06:04:51,2,2006-02-15 21:30:53,78
887,2005-05-30 07:10:00,727,16,2005-06-01 06:48:00,2,2006-02-15 21:30:53,159
888,2005-05-30 07:13:14,387,128,2005-06-06 09:50:14,1,2006-02-15 21:30:53,86
889,2005-05-30 07:14:53,299,114,2005-05-31 07:56:53,2,2006-02-15 21:30:53,67
890,2005-05-30 07:43:04,464,349,2005-06-01 11:26:04,1,2006-02-15 21:30:53,102
891,2005-05-30 07:43:12,611,391,2005-06-08 09:21:12,1,2006-02-15 21:30:53,132
892,2005-05-30 08:02:56,471,274,2005-06-05 12:51:56,1,2006-02-15 21:30:53,103
893,2005-05-30 08:06:59,260,502,2005-06-07 08:23:59,2,2006-02-15 21:30:53,58
894,2005-05-30 08:31:31,118,400,2005-06-07 12:39:31,1,2006-02-15 21:30:53,23
895,2005-05-30 08:50:43,744,192,2005-06-05 10:58:43,1,2006-02-15 21:30:53,162
896,2005-05-30 09:03:52,817,207,2005-06-05 07:37:52,2,2006-02-15 21:30:53,178
897,2005-05-30 09:10:01,334,432,2005-06-08 03:43:01,1,2006-02-15 21:30:53,74
898,2005-05-30 09:26:19,497,384,2005-06-01 10:45:19,2,2006-02-15 21:30:53,111
899,2005-05-30 09:29:30,96,156,2005-06-06 12:39:30,2,2006-02-15 21:30:53,19
900,2005-05-30 09:38:41,543,586,2005-06-07 11:54:41,1,2006-02-15 21:30:53,118
901,2005-05-30 09:40:40,760,259,2005-06-02 10:32:40,1,2006-02-15 21:30:53,166
902,2005-05-30 09:53:36,514,561,2005-06-07 12:10:36,1,2006-02-15 21:30:53,114
903,2005-05-30 10:11:29,423,197,2005-06-03 09:33:29,1,2006-02-15 21:30:53,93
904,2005-05-30 10:19:42,466,44,2005-06-05 04:58:42,2,2006-02-15 21:30:53,103
905,2005-05-30 10:25:00,372,50,2005-06-06 06:23:00,1,2006-02-15 21:30:53,82
906,2005-05-30 10:30:38,862,549,2005-06-07 06:44:38,2,2006-02-15 21:30:53,189
907,2005-05-30 10:37:27,320,506,2005-06-02 09:51:27,1,2006-02-15 21:30:53,72
908,2005-05-30 10:38:37,427,85,2005-06-03 09:56:37,1,2006-02-15 21:30:53,94
909,2005-05-30 10:43:38,775,486,2005-06-08 12:07:38,1,2006-02-15 21:30:53,169
910,2005-05-30 10:46:16,601,374,2005-06-04 13:32:16,1,2006-02-15 21:30:53,131
911,2005-05-30 10:50:22,404,366,2005-06-07 12:26:22,2,2006-02-15 21:30:53,89
912,2005-05-30 10:58:33,200,390,2005-05-31 09:31:33,2,2006-02-15 21:30:53,44
913,2005-05-30 11:04:58,213,369,2005-06-07 13:22:58,2,2006-02-15 21:30:53,48
914,2005-05-30 11:06:00,393,596,2005-06-04 06:07:00,2,2006-02-15 21:30:53,86
915,2005-05-30 11:20:27,859,115,2005-06-02 11:55:27,1,2006-02-15 21:30:53,189
916,2005-05-30 11:25:01,290,6,2005-05-31 09:06:01,1,2006-02-15 21:30:53,65
917,2005-05-30 11:27:06,629,385,2005-06-02 08:31:06,1,2006-02-15 21:30:53,137
918,2005-05-30 11:32:24,818,197,2005-05-31 07:55:24,2,2006-02-15 21:30:53,178
919,2005-05-30 11:35:06,52,374,2005-06-02 13:16:06,2,2006-02-15 21:30:53,10
920,2005-05-30 11:44:01,860,584,2005-06-02 08:19:01,2,2006-02-15 21:30:53,189
921,2005-05-30 11:53:09,827,508,2005-06-03 10:00:09,2,2006-02-15 21:30:53,181
922,2005-05-30 11:55:55,442,550,2005-06-08 10:12:55,2,2006-02-15 21:30:53,98
923,2005-05-30 11:58:50,884,37,2005-06-05 09:57:50,1,2006-02-15 21:30:53,194
924,2005-05-30 12:10:59,279,293,2005-06-04 17:28:59,1,2006-02-15 21:30:53,62
925,2005-05-30 12:13:52,203,137,2005-06-02 14:41:52,2,2006-02-15 21:30:53,45
926,2005-05-30 12:15:54,327,76,2005-06-01 08:53:54,2,2006-02-15 21:30:53,73
927,2005-05-30 12:16:40,158,167,2005-05-31 16:20:40,2,2006-02-15 21:30:53,34
928,2005-05-30 12:27:14,246,79,2005-06-05 13:56:14,2,2006-02-15 21:30:53,55
929,2005-05-30 12:32:39,296,536,2005-06-06 12:17:39,1,2006-02-15 21:30:53,67
930,2005-05-30 12:44:57,835,141,2005-06-04 10:53:57,2,2006-02-15 21:30:53,183
931,2005-05-30 12:53:01,384,421,2005-05-31 14:28:01,1,2006-02-15 21:30:53,85
932,2005-05-30 12:55:36,719,198,2005-05-31 10:30:36,2,2006-02-15 21:30:53,158
933,2005-05-30 13:08:45,672,66,2005-06-01 18:56:45,1,2006-02-15 21:30:53,147
934,2005-05-30 13:24:46,595,60,2005-06-08 16:44:46,2,2006-02-15 21:30:53,130
935,2005-05-30 13:29:36,421,256,2005-06-02 11:08:36,1,2006-02-15 21:30:53,92
936,2005-05-30 13:52:49,901,469,2005-06-07 16:56:49,1,2006-02-15 21:30:53,200
937,2005-05-30 14:47:31,54,304,2005-06-05 09:53:31,2,2006-02-15 21:30:53,11
938,2005-05-30 14:47:31,521,46,2005-06-04 10:10:31,2,2006-02-15 21:30:53,115
939,2005-05-30 14:49:34,314,367,2005-06-01 19:00:34,1,2006-02-15 21:30:53,70
940,2005-05-30 15:01:02,278,534,2005-06-01 18:26:02,1,2006-02-15 21:30:53,62
941,2005-05-30 15:02:25,630,562,2005-06-01 17:19:25,1,2006-02-15 21:30:53,137
942,2005-05-30 15:05:47,279,473,2005-06-08 15:59:47,2,2006-02-15 21:30:53,62
943,2005-05-30 15:20:19,737,57,2005-06-06 18:53:19,1,2006-02-15 21:30:53,161
944,2005-05-30 15:26:24,151,131,2005-06-07 18:09:24,2,2006-02-15 21:30:53,31
945,2005-05-30 15:33:17,441,357,2005-06-02 15:02:17,2,2006-02-15 21:30:53,97
946,2005-05-30 15:35:08,264,486,2005-06-08 11:38:08,1,2006-02-15 21:30:53,59
947,2005-05-30 15:36:57,478,62,2005-06-04 18:48:57,1,2006-02-15 21:30:53,105
948,2005-05-30 15:44:27,585,245,2005-06-08 17:30:27,2,2006-02-15 21:30:53,127
949,2005-05-30 15:50:39,202,368,2005-06-03 14:25:39,1,2006-02-15 21:30:53,45
950,2005-05-30 16:06:08,491,83,2005-06-01 11:43:08,1,2006-02-15 21:30:53,109
951,2005-05-30 16:10:35,395,59,2005-05-31 19:01:35,2,2006-02-15 21:30:53,88
952,2005-05-30 16:28:07,389,311,2005-06-02 16:12:07,2,2006-02-15 21:30:53,86
953,2005-05-30 16:34:02,194,210,2005-05-31 20:34:02,1,2006-02-15 21:30:53,43
954,2005-05-30 16:57:29,231,297,2005-06-08 13:30:29,2,2006-02-15 21:30:53,51
955,2005-05-30 16:59:03,140,301,2005-05-31 11:58:03,2,2006-02-15 21:30:53,28
956,2005-05-30 17:30:28,647,296,2005-06-07 13:54:28,2,2006-02-15 21:30:53,140
957,2005-05-30 17:53:29,428,440,2005-06-03 15:31:29,2,2006-02-15 21:30:53,95
958,2005-05-30 17:58:03,548,186,2005-06-01 19:17:03,2,2006-02-15 21:30:53,119
959,2005-05-30 18:07:00,108,535,2005-06-02 14:37:00,2,2006-02-15 21:30:53,22
960,2005-05-30 18:13:23,966,445,2005-06-04 00:12:23,2,2006-02-15 21:30:53,215
961,2005-05-30 18:16:44,293,588,2005-06-04 23:40:44,2,2006-02-15 21:30:53,66
962,2005-05-30 18:45:17,535,520,2005-06-05 22:47:17,1,2006-02-15 21:30:53,117
963,2005-05-30 18:52:53,921,225,2005-06-07 16:19:53,2,2006-02-15 21:30:53,204
964,2005-05-30 18:53:21,657,287,2005-06-04 22:32:21,2,2006-02-15 21:30:53,142
965,2005-05-30 19:00:14,363,502,2005-05-31 17:10:14,2,2006-02-15 21:30:53,79
966,2005-05-30 19:00:37,294,496,2005-05-31 23:51:37,1,2006-02-15 21:30:53,67
967,2005-05-30 19:12:06,954,330,2005-06-09 00:02:06,2,2006-02-15 21:30:53,212
968,2005-05-30 19:20:03,119,576,2005-05-31 18:17:03,2,2006-02-15 21:30:53,23
969,2005-05-30 19:23:48,443,551,2005-05-31 21:14:48,1,2006-02-15 21:30:53,98
970,2005-05-30 19:50:28,520,307,2005-06-09 01:19:28,1,2006-02-15 21:30:53,115
971,2005-05-30 20:10:52,911,561,2005-06-06 20:47:52,1,2006-02-15 21:30:53,202
972,2005-05-30 20:21:07,2,411,2005-06-06 00:36:07,1,2006-02-15 21:30:53,1
973,2005-05-30 20:27:45,914,473,2005-06-08 22:47:45,2,2006-02-15 21:30:53,203
974,2005-05-30 20:28:42,617,596,2005-06-08 23:45:42,2,2006-02-15 21:30:53,134
975,2005-05-30 21:07:15,109,7,2005-06-03 01:48:15,2,2006-02-15 21:30:53,22
976,2005-05-30 21:11:19,290,581,2005-06-06 02:16:19,2,2006-02-15 21:30:53,65
977,2005-05-30 21:22:26,29,394,2005-06-04 22:32:26,2,2006-02-15 21:30:53,6
978,2005-05-30 21:30:52,407,154,2005-06-07 16:22:52,1,2006-02-15 21:30:53,90
979,2005-05-30 21:37:11,917,279,2005-06-08 00:24:11,2,2006-02-15 21:30:53,204
980,2005-05-30 21:45:19,169,273,2005-06-01 20:32:19,1,2006-02-15 21:30:53,37
981,2005-05-30 21:52:42,913,326,2005-06-01 03:15:42,2,2006-02-15 21:30:53,203
982,2005-05-30 22:15:24,560,524,2005-06-02 16:18:24,1,2006-02-15 21:30:53,122
983,2005-05-30 22:15:51,63,115,2005-06-02 22:56:51,1,2006-02-15 21:30:53,12
984,2005-05-30 22:17:17,305,262,2005-06-01 20:15:17,2,2006-02-15 21:30:53,69
985,2005-05-30 22:18:35,573,564,2005-06-04 23:36:35,1,2006-02-15 21:30:53,124
986,2005-05-30 22:22:52,45,253,2005-06-01 02:24:52,1,2006-02-15 21:30:53,9
987,2005-05-30 22:59:12,390,11,2005-06-07 20:56:12,1,2006-02-15 21:30:53,86
988,2005-05-30 23:08:03,364,12,2005-06-07 00:22:03,1,2006-02-15 21:30:53,80
989,2005-05-30 23:11:51,388,83,2005-06-03 20:36:51,2,2006-02-15 21:30:53,86
990,2005-05-30 23:25:14,171,311,2005-06-06 18:41:14,2,2006-02-15 21:30:53,37
991,2005-05-30 23:29:22,863,593,2005-06-07 23:16:22,1,2006-02-15 21:30:53,190
992,2005-05-30 23:47:56,572,123,2005-06-05 19:01:56,1,2006-02-15 21:30:53,124
993,2005-05-30 23:54:19,80,513,2005-06-04 21:27:19,1,2006-02-15 21:30:53,16
994,2005-05-30 23:55:36,798,472,2005-06-04 01:00:36,2,2006-02-15 21:30:53,174
995,2005-05-31 00:06:02,17,150,2005-06-06 02:30:02,2,2006-02-15 21:30:53,4
996,2005-05-31 00:06:20,75,331,2005-05-31 21:29:20,2,2006-02-15 21:30:53,15
997,2005-05-31 00:08:25,243,216,2005-06-02 00:17:25,2,2006-02-15 21:30:53,55
998,2005-05-31 00:16:57,395,389,2005-06-01 22:41:57,1,2006-02-15 21:30:53,88
999,2005-05-31 00:25:10,433,413,2005-06-03 06:05:10,2,2006-02-15 21:30:53,96
1000,2005-05-31 00:25:56,774,332,2005-06-08 19:42:56,2,2006-02-15 21:30:53,169
1001,2005-05-31 00:46:31,498,64,2005-06-06 06:14:31,2,2006-02-15 21:30:53,111
